,step,TrainAverageReturn,EvalAverageReturn,Alpha
0,10000,-13573.0947265625,-11283.400390625,0.997004508972168
1,10104,-11451.1630859375,-7660.0,0.9941227436065674
2,10208,-10124.4453125,-6635.0,0.9923089742660522
3,10312,-9080.6416015625,-3472.60009765625,0.9926661252975464
4,10416,-8534.6171875,-7308.7001953125,0.9942061305046082
5,10520,-8037.177734375,-5274.7001953125,0.9962518215179443
6,10624,-7826.2001953125,-5732.0,0.9985836148262024
7,10728,-7619.13916015625,-6638.0,1.0011221170425415
8,10832,-7455.947265625,-8452.400390625,1.0038174390792847
9,10936,-7295.02294921875,-10210.7998046875,1.0066332817077637
10,11040,-7195.88720703125,-3586.0,1.0095399618148804
11,11144,-7077.12548828125,-3622.0,1.012516736984253
12,11248,-6977.46142578125,-3779.800048828125,1.0155569314956665
13,11352,-6904.06982421875,-6169.0,1.0186489820480347
14,11456,-6911.72607421875,-6994.5,1.0217838287353516
15,11560,-6802.39599609375,-2923.39990234375,1.0249476432800293
16,11664,-6709.13330078125,-7504.0,1.028143286705017
17,11768,-6649.80712890625,-7564.0,1.031355857849121
18,11872,-6631.19482421875,-4000.0,1.0345852375030518
19,11976,-6568.6142578125,-7304.10009765625,1.0378319025039673
20,12080,-6546.92041015625,-2542.300048828125,1.0410988330841064
21,12184,-6526.57861328125,-5210.2998046875,1.044379472732544
22,12288,-6555.2197265625,-3305.5,1.0476713180541992
23,12392,-6522.82177734375,-2306.699951171875,1.0509672164916992
24,12496,-6438.255859375,-3052.39990234375,1.0542570352554321
25,12600,-6320.8447265625,-2577.10009765625,1.0575393438339233
26,12704,-6225.9755859375,-841.7000122070312,1.0608233213424683
27,12808,-6095.35009765625,-6304.0,1.0641183853149414
28,12912,-5982.291015625,-4144.0,1.0674418210983276
29,13016,-5889.7353515625,-4006.0,1.070799469947815
30,13120,-5539.4482421875,-1396.0,1.0741956233978271
31,13224,-5305.60888671875,-3184.0,1.0776327848434448
32,13328,-5160.66357421875,-4161.0,1.0811086893081665
33,13432,-5115.27099609375,-1701.0,1.0846179723739624
34,13536,-4993.5,-5167.0,1.0881493091583252
35,13640,-4907.13134765625,-3318.5,1.0916961431503296
36,13744,-4756.7294921875,-1812.0,1.095255732536316
37,13848,-4635.38037109375,-5230.0,1.098820686340332
38,13952,-4548.45703125,-5892.39990234375,1.1023690700531006
39,14056,-4458.28515625,-2113.0,1.1059013605117798
40,14160,-4359.06591796875,-3743.5,1.109413743019104
41,14264,-4270.611328125,-4239.39990234375,1.1128968000411987
42,14368,-4206.82763671875,-2264.199951171875,1.1163544654846191
43,14472,-4094.8349609375,-2014.699951171875,1.1197911500930786
44,14576,-3965.066650390625,-1036.5,1.1232099533081055
45,14680,-3902.9189453125,-4270.10009765625,1.1266095638275146
46,14784,-3837.1796875,-2383.10009765625,1.1299875974655151
47,14888,-3734.810546875,-4885.2001953125,1.1333450078964233
48,14992,-3649.5625,-3376.5,1.1366751194000244
49,15096,-3562.595458984375,-3916.10009765625,1.139981985092163
50,15200,-3483.97314453125,-3787.699951171875,1.1432695388793945
51,15304,-3402.57080078125,-1927.9000244140625,1.1465380191802979
52,15408,-3258.10888671875,-4092.800048828125,1.1497893333435059
53,15512,-3182.73681640625,-6706.7998046875,1.1530243158340454
54,15616,-3139.394775390625,-3944.800048828125,1.156238079071045
55,15720,-3151.58203125,-1922.199951171875,1.159427285194397
56,15824,-3113.28076171875,-2808.10009765625,1.16259765625
57,15928,-3097.945556640625,-690.4000244140625,1.1657475233078003
58,16032,-3106.28466796875,-4188.0,1.168875813484192
59,16136,-3119.477783203125,-6063.0,1.1719859838485718
60,16240,-3106.030517578125,-709.7000122070312,1.1750699281692505
61,16344,-3148.734619140625,-3381.300048828125,1.1781256198883057
62,16448,-3135.585205078125,-1055.300048828125,1.1811574697494507
63,16552,-3068.955078125,-5604.7001953125,1.184178352355957
64,16656,-3078.625244140625,-2318.89990234375,1.187193751335144
65,16760,-3035.44140625,-4237.0,1.190205693244934
66,16864,-3080.78857421875,-4173.10009765625,1.1932076215744019
67,16968,-3115.912109375,-3131.39990234375,1.1961863040924072
68,17072,-3104.844970703125,-3014.10009765625,1.1991294622421265
69,17176,-3099.480224609375,-3573.10009765625,1.2020493745803833
70,17280,-3109.366455078125,-1809.0999755859375,1.204953908920288
71,17384,-3125.369873046875,-4376.2998046875,1.2078531980514526
72,17488,-3090.25439453125,-652.7000122070312,1.210753083229065
73,17592,-3099.823486328125,-592.2999877929688,1.213659405708313
74,17696,-3080.88232421875,-2839.300048828125,1.2165799140930176
75,17800,-3061.147705078125,-6080.10009765625,1.2195208072662354
76,17904,-3070.241943359375,-3392.10009765625,1.2224771976470947
77,18008,-3094.5068359375,-2273.300048828125,1.2254445552825928
78,18112,-3052.7080078125,-2140.0,1.228413462638855
79,18216,-3054.51708984375,-1117.4000244140625,1.2313848733901978
80,18320,-3038.45458984375,-1576.5999755859375,1.23435640335083
81,18424,-3016.51708984375,-3896.10009765625,1.237326979637146
82,18528,-3016.1279296875,-1782.5,1.2402980327606201
83,18632,-3011.8125,-1897.9000244140625,1.24326753616333
84,18736,-3009.622314453125,-7542.7998046875,1.2462337017059326
85,18840,-2978.751708984375,-4297.2998046875,1.2491936683654785
86,18944,-2993.7578125,-2770.199951171875,1.2521463632583618
87,19048,-3008.487548828125,-4615.39990234375,1.255094289779663
88,19152,-3015.33056640625,-4612.10009765625,1.2580459117889404
89,19256,-2990.3291015625,-3323.89990234375,1.2610095739364624
90,19360,-3002.1064453125,-2216.5,1.263994574546814
91,19464,-2993.511474609375,-766.5999755859375,1.267012357711792
92,19568,-3002.846435546875,-4026.89990234375,1.2700536251068115
93,19672,-3005.877685546875,-4329.2998046875,1.273124098777771
94,19776,-3005.020263671875,-5045.7001953125,1.2762162685394287
95,19880,-3086.70703125,-1443.5,1.2793266773223877
96,19984,-3066.131103515625,-3870.699951171875,1.2824444770812988
97,20088,-3047.269775390625,-4898.10009765625,1.2855808734893799
98,20192,-3007.004150390625,-1522.699951171875,1.2887274026870728
99,20296,-3014.861328125,-2448.39990234375,1.2918920516967773
100,20400,-3014.3095703125,-4327.10009765625,1.2950634956359863
101,20504,-3023.849365234375,-1640.0,1.298240303993225
102,20608,-3031.861328125,-3178.300048828125,1.3014062643051147
103,20712,-3031.105224609375,-1778.0999755859375,1.3045629262924194
104,20816,-3054.731689453125,-4705.5,1.3077216148376465
105,20920,-3069.283447265625,-4878.0,1.3108713626861572
106,21024,-3049.5888671875,-1042.699951171875,1.3140119314193726
107,21128,-3033.969970703125,-2445.60009765625,1.3171576261520386
108,21232,-3045.07568359375,-1814.9000244140625,1.3203251361846924
109,21336,-3046.87060546875,-1589.4000244140625,1.3235182762145996
110,21440,-3043.012451171875,-2759.800048828125,1.3267326354980469
111,21544,-3054.87158203125,-4168.2998046875,1.3299596309661865
112,21648,-3043.718017578125,-746.5,1.3331995010375977
113,21752,-3023.237060546875,-1645.800048828125,1.3364540338516235
114,21856,-3024.612060546875,-4429.5,1.3397173881530762
115,21960,-3043.975341796875,-2708.39990234375,1.3430029153823853
116,22064,-3050.3759765625,-565.9000244140625,1.3463220596313477
117,22168,-3061.34521484375,-4291.39990234375,1.3496860265731812
118,22272,-3061.8291015625,-1407.5,1.3530962467193604
119,22376,-3073.724365234375,-7413.0,1.3565407991409302
120,22480,-3090.954833984375,-2482.0,1.3600181341171265
121,22584,-3057.1923828125,-2616.39990234375,1.363520622253418
122,22688,-3075.223388671875,-4013.39990234375,1.3670471906661987
123,22792,-3086.708740234375,-3561.39990234375,1.3706133365631104
124,22896,-3098.301025390625,-4153.7001953125,1.3742363452911377
125,23000,-3069.895263671875,-6523.5,1.3779040575027466
126,23104,-3083.599365234375,-2221.800048828125,1.3816006183624268
127,23208,-3091.3994140625,-1809.300048828125,1.3853095769882202
128,23312,-3138.075927734375,-1355.9000244140625,1.3890241384506226
129,23416,-3137.325439453125,-4199.5,1.3927466869354248
130,23520,-3137.88232421875,-3859.699951171875,1.3964918851852417
131,23624,-3105.336181640625,-889.2999877929688,1.4002716541290283
132,23728,-3109.4091796875,-3530.199951171875,1.404097318649292
133,23832,-3102.255126953125,-2104.699951171875,1.4079562425613403
134,23936,-3119.6298828125,-6113.2001953125,1.411841869354248
135,24040,-3079.2763671875,-6367.89990234375,1.4157521724700928
136,24144,-3054.997802734375,-2820.60009765625,1.4196983575820923
137,24248,-3064.4130859375,-3094.39990234375,1.423671007156372
138,24352,-3083.8046875,-1636.0,1.4276694059371948
139,24456,-3086.96923828125,-2884.39990234375,1.4316813945770264
140,24560,-3073.602294921875,-3289.699951171875,1.4357060194015503
141,24664,-3065.303466796875,-5213.39990234375,1.439741849899292
142,24768,-3078.031982421875,-3987.39990234375,1.4437841176986694
143,24872,-3077.27392578125,-3934.89990234375,1.4478307962417603
144,24976,-3106.823974609375,-7067.7998046875,1.4518829584121704
145,25080,-3096.015625,-1261.0999755859375,1.4559475183486938
146,25184,-3082.80126953125,-715.2999877929688,1.4600324630737305
147,25288,-3084.150390625,-5264.7998046875,1.4641520977020264
148,25392,-3076.76806640625,-509.5,1.4682997465133667
149,25496,-3043.978515625,-2122.300048828125,1.4725043773651123
150,25600,-3062.69873046875,-1339.300048828125,1.4767478704452515
151,25704,-3119.392333984375,-2766.39990234375,1.4810247421264648
152,25808,-3113.41259765625,-6080.7998046875,1.4853392839431763
153,25912,-3112.866943359375,-6194.2001953125,1.4896706342697144
154,26016,-3098.40673828125,-2702.699951171875,1.4940158128738403
155,26120,-3083.9326171875,-2543.10009765625,1.4983749389648438
156,26224,-3103.355712890625,-1117.199951171875,1.5027484893798828
157,26328,-3091.85888671875,-4252.2998046875,1.5071343183517456
158,26432,-3082.0693359375,-4248.10009765625,1.5115232467651367
159,26536,-3089.05322265625,-1851.199951171875,1.5159183740615845
160,26640,-3085.487060546875,-1066.0999755859375,1.5203168392181396
161,26744,-3095.186767578125,-1672.0,1.524728536605835
162,26848,-3099.750244140625,-2372.39990234375,1.529145359992981
163,26952,-3113.943359375,-2350.5,1.5335853099822998
164,27056,-3100.708251953125,-6545.0,1.5380537509918213
165,27160,-3142.787109375,-1369.5,1.5425457954406738
166,27264,-3166.669189453125,-3295.800048828125,1.5470777750015259
167,27368,-3157.908935546875,-4380.60009765625,1.5516282320022583
168,27472,-3140.413818359375,-1733.300048828125,1.5561771392822266
169,27576,-3137.684326171875,-1952.9000244140625,1.5607188940048218
170,27680,-3174.63037109375,-990.7999877929688,1.565250039100647
171,27784,-3181.66064453125,-2755.39990234375,1.5697813034057617
172,27888,-3208.890625,-3258.199951171875,1.574316382408142
173,27992,-3224.44140625,-8019.39990234375,1.578872561454773
174,28096,-3154.03369140625,-4710.0,1.5834656953811646
175,28200,-3172.758544921875,-5384.39990234375,1.5880868434906006
176,28304,-3196.67529296875,-1188.800048828125,1.5927112102508545
177,28408,-3212.95458984375,-875.0999755859375,1.5973416566848755
178,28512,-3223.68115234375,-3957.199951171875,1.6019679307937622
179,28616,-3251.378173828125,-2402.60009765625,1.6065963506698608
180,28720,-3236.398193359375,-3218.300048828125,1.611237645149231
181,28824,-3201.015625,-2656.0,1.6158839464187622
182,28928,-3191.949462890625,-3948.10009765625,1.620529055595398
183,29032,-3216.107666015625,-910.7000122070312,1.6251472234725952
184,29136,-3211.285888671875,-2085.10009765625,1.6297577619552612
185,29240,-3205.486572265625,-4187.5,1.6343618631362915
186,29344,-3177.387451171875,-1778.0999755859375,1.6389663219451904
187,29448,-3182.242919921875,-6127.7001953125,1.6435844898223877
188,29552,-3181.429443359375,-888.2000122070312,1.6482064723968506
189,29656,-3174.57177734375,-2844.800048828125,1.6528388261795044
190,29760,-3185.226318359375,-2577.699951171875,1.6574665307998657
191,29864,-3173.27490234375,-3157.300048828125,1.6620986461639404
192,29968,-3162.437255859375,-2170.199951171875,1.6667431592941284
193,30072,-3161.71923828125,-4842.10009765625,1.6713835000991821
194,30176,-3149.12939453125,-4717.0,1.6760109663009644
195,30280,-3150.951904296875,-7483.7998046875,1.6806209087371826
196,30384,-3169.05224609375,-2845.0,1.6852014064788818
197,30488,-3171.36474609375,-2847.0,1.6897739171981812
198,30592,-3192.622314453125,-1800.800048828125,1.6943378448486328
199,30696,-3208.383056640625,-1917.9000244140625,1.6989060640335083
200,30800,-3194.971435546875,-3373.89990234375,1.7034847736358643
201,30904,-3191.073486328125,-3132.699951171875,1.7080672979354858
202,31008,-3180.754150390625,-1439.800048828125,1.7126518487930298
203,31112,-3179.933349609375,-3708.800048828125,1.7172377109527588
204,31216,-3218.404052734375,-3918.0,1.7218471765518188
205,31320,-3191.699951171875,-6373.10009765625,1.7264845371246338
206,31424,-3172.576904296875,-4056.60009765625,1.7311497926712036
207,31528,-3144.279541015625,-4238.0,1.7358382940292358
208,31632,-3128.98193359375,-2422.39990234375,1.7405273914337158
209,31736,-3139.790283203125,-3255.199951171875,1.7452093362808228
210,31840,-3149.849365234375,-2114.39990234375,1.7498836517333984
211,31944,-3163.39111328125,-6108.5,1.754552960395813
212,32048,-3153.416259765625,-3088.199951171875,1.759233832359314
213,32152,-3132.51416015625,-3326.199951171875,1.7639247179031372
214,32256,-3153.03759765625,-2056.800048828125,1.768632173538208
215,32360,-3156.46435546875,-3844.800048828125,1.7733469009399414
216,32464,-3146.633056640625,-3320.39990234375,1.7780743837356567
217,32568,-3158.1640625,-562.0,1.7828079462051392
218,32672,-3186.939453125,-5234.0,1.7875351905822754
219,32776,-3201.676025390625,-957.2000122070312,1.792264461517334
220,32880,-3191.890625,-2031.0,1.7969954013824463
221,32984,-3217.53662109375,-4650.0,1.8017199039459229
222,33088,-3218.36767578125,-2641.60009765625,1.8064404726028442
223,33192,-3237.362548828125,-4125.7998046875,1.811155915260315
224,33296,-3253.693359375,-6870.7998046875,1.8158718347549438
225,33400,-3250.975341796875,-3058.60009765625,1.8205796480178833
226,33504,-3213.49267578125,-991.7999877929688,1.8252776861190796
227,33608,-3201.434326171875,-3590.0,1.8299684524536133
228,33712,-3168.9765625,-3195.39990234375,1.8346569538116455
229,33816,-3150.63525390625,-3329.39990234375,1.839352011680603
230,33920,-3127.520751953125,-1057.0,1.844056487083435
231,34024,-3101.616455078125,-3358.199951171875,1.8487603664398193
232,34128,-3144.23681640625,-2425.0,1.8534774780273438
233,34232,-3143.001220703125,-1204.0,1.8582175970077515
234,34336,-3144.57373046875,-3601.199951171875,1.8629717826843262
235,34440,-3169.822021484375,-1128.5999755859375,1.8677335977554321
236,34544,-3221.450439453125,-2860.800048828125,1.8725037574768066
237,34648,-3247.97119140625,-2505.0,1.877264142036438
238,34752,-3255.611572265625,-1883.800048828125,1.8820220232009888
239,34856,-3250.76953125,-1039.800048828125,1.8867642879486084
240,34960,-3222.004150390625,-900.7999877929688,1.8914903402328491
241,35064,-3179.697509765625,-4068.60009765625,1.8962069749832153
242,35168,-3187.3935546875,-2366.60009765625,1.9009321928024292
243,35272,-3208.9794921875,-3292.60009765625,1.9056816101074219
244,35376,-3208.94091796875,-3160.199951171875,1.9104481935501099
245,35480,-3229.002197265625,-2322.199951171875,1.9152387380599976
246,35584,-3246.058349609375,-2791.39990234375,1.9200414419174194
247,35688,-3243.567626953125,-1800.800048828125,1.9248462915420532
248,35792,-3188.606201171875,-3164.800048828125,1.929648756980896
249,35896,-3170.25830078125,-4016.0,1.934462547302246
250,36000,-3162.106689453125,-3790.800048828125,1.9392921924591064
251,36104,-3160.138427734375,-1381.4000244140625,1.9441287517547607
252,36208,-3159.166015625,-967.4000244140625,1.9489649534225464
253,36312,-3123.017333984375,-4581.0,1.953792929649353
254,36416,-3146.3564453125,-1592.0,1.9586124420166016
255,36520,-3151.379150390625,-5584.2001953125,1.9634510278701782
256,36624,-3164.59521484375,-1402.800048828125,1.9683270454406738
257,36728,-3190.841552734375,-6725.7998046875,1.9732378721237183
258,36832,-3248.297119140625,-2322.0,1.9781761169433594
259,36936,-3292.77587890625,-3545.39990234375,1.983149766921997
260,37040,-3312.763671875,-3278.39990234375,1.9881361722946167
261,37144,-3373.607421875,-3186.39990234375,1.9931228160858154
262,37248,-3317.64111328125,-1293.4000244140625,1.9981105327606201
263,37352,-3342.2314453125,-3626.800048828125,2.003106117248535
264,37456,-3338.85791015625,-670.4000244140625,2.008105993270874
265,37560,-3346.8056640625,-2367.39990234375,2.0130975246429443
266,37664,-3297.679443359375,-2221.800048828125,2.0180749893188477
267,37768,-3294.8330078125,-1984.5999755859375,2.023030996322632
268,37872,-3281.09130859375,-5632.0,2.0279901027679443
269,37976,-3281.61767578125,-1768.800048828125,2.0329596996307373
270,38080,-3289.58740234375,-4277.39990234375,2.037972927093506
271,38184,-3330.373046875,-1042.800048828125,2.0430469512939453
272,38288,-3325.51318359375,-3591.199951171875,2.0481648445129395
273,38392,-3320.600341796875,-3659.0,2.0533108711242676
274,38496,-3338.189453125,-682.0,2.058483362197876
275,38600,-3322.7041015625,-2480.60009765625,2.0636909008026123
276,38704,-3296.34521484375,-1957.4000244140625,2.0689237117767334
277,38808,-3285.40185546875,-1617.0,2.0741560459136963
278,38912,-3282.988525390625,-4329.2001953125,2.0793540477752686
279,39016,-3300.98876953125,-2566.0,2.084503173828125
280,39120,-3303.543701171875,-1550.5999755859375,2.089625120162964
281,39224,-3279.40283203125,-4144.7998046875,2.0947351455688477
282,39328,-3283.5048828125,-2556.199951171875,2.0998172760009766
283,39432,-3300.087890625,-2385.5,2.1048784255981445
284,39536,-3248.377197265625,-1900.199951171875,2.1099350452423096
285,39640,-3253.35546875,-2621.0,2.1150126457214355
286,39744,-3264.792724609375,-2764.199951171875,2.1201171875
287,39848,-3248.61962890625,-2886.0,2.1252760887145996
288,39952,-3217.10986328125,-4326.0,2.1304759979248047
289,40056,-3184.200927734375,-3648.60009765625,2.135725975036621
290,40160,-3184.856689453125,-1541.5999755859375,2.1410086154937744
291,40264,-3144.173095703125,-1761.199951171875,2.1463043689727783
292,40368,-3154.8154296875,-2903.0,2.1516060829162598
293,40472,-3102.977783203125,-3818.0,2.1569268703460693
294,40576,-3116.584716796875,-1266.4000244140625,2.162262439727783
295,40680,-3092.904541015625,-4787.0,2.1676113605499268
296,40784,-3115.675048828125,-2728.0,2.172961473464966
297,40888,-3098.3720703125,-1879.0,2.178297996520996
298,40992,-3098.451904296875,-3133.39990234375,2.1836349964141846
299,41096,-3098.8076171875,-853.2000122070312,2.18898606300354
300,41200,-3114.8681640625,-936.2000122070312,2.1943724155426025
301,41304,-3102.706298828125,-1460.800048828125,2.199793577194214
302,41408,-3099.2578125,-3203.39990234375,2.2052524089813232
303,41512,-3074.972412109375,-2908.39990234375,2.210740804672241
304,41616,-3058.840087890625,-1592.4000244140625,2.2162163257598877
305,41720,-3051.989013671875,-5139.2001953125,2.2216687202453613
306,41824,-3075.7275390625,-5484.0,2.2270755767822266
307,41928,-3068.935791015625,-1787.0,2.2324507236480713
308,42032,-3094.289794921875,-2937.60009765625,2.2377893924713135
309,42136,-3093.899658203125,-2864.0,2.2431159019470215
310,42240,-3080.82470703125,-1701.0,2.248429298400879
311,42344,-3082.915283203125,-2531.800048828125,2.253732442855835
312,42448,-3099.865966796875,-2661.0,2.2590348720550537
313,42552,-3090.656982421875,-901.7000122070312,2.2643380165100098
314,42656,-3109.09423828125,-2496.5,2.269636631011963
315,42760,-3124.303466796875,-2264.10009765625,2.2749338150024414
316,42864,-3137.824462890625,-1599.199951171875,2.2802412509918213
317,42968,-3125.92529296875,-1940.0999755859375,2.285552740097046
318,43072,-3119.44287109375,-3634.10009765625,2.290865421295166
319,43176,-3115.337158203125,-2335.699951171875,2.296177625656128
320,43280,-3125.30810546875,-2271.5,2.3014748096466064
321,43384,-3120.73193359375,-3036.199951171875,2.306770086288452
322,43488,-3132.198974609375,-4566.89990234375,2.312077283859253
323,43592,-3151.477783203125,-777.2000122070312,2.3174049854278564
324,43696,-3119.19189453125,-2216.60009765625,2.32275128364563
325,43800,-3134.0888671875,-934.7000122070312,2.328117609024048
326,43904,-3112.804443359375,-6462.2998046875,2.333468437194824
327,44008,-3132.3310546875,-3870.300048828125,2.3387911319732666
328,44112,-3119.681396484375,-4546.2001953125,2.3440980911254883
329,44216,-3101.642578125,-1650.9000244140625,2.349397897720337
330,44320,-3084.166748046875,-669.7000122070312,2.3547325134277344
331,44424,-3109.71484375,-5725.39990234375,2.360117197036743
332,44528,-3114.417724609375,-2004.699951171875,2.365546226501465
333,44632,-3112.005859375,-1042.800048828125,2.3710105419158936
334,44736,-3104.151611328125,-936.0,2.3764896392822266
335,44840,-3147.140625,-2705.199951171875,2.3819522857666016
336,44944,-3145.37890625,-2309.199951171875,2.387413501739502
337,45048,-3145.051513671875,-4411.2001953125,2.3928682804107666
338,45152,-3121.2861328125,-3206.199951171875,2.3983120918273926
339,45256,-3098.48486328125,-5491.39990234375,2.4037423133850098
340,45360,-3114.989501953125,-3394.699951171875,2.409162998199463
341,45464,-3124.9794921875,-4299.2001953125,2.4145843982696533
342,45568,-3089.837890625,-4382.0,2.4200260639190674
343,45672,-3083.1611328125,-5248.39990234375,2.4255073070526123
344,45776,-3077.882080078125,-1587.199951171875,2.431035041809082
345,45880,-3086.28759765625,-3556.0,2.4366021156311035
346,45984,-3054.285888671875,-2511.60009765625,2.442196846008301
347,46088,-3077.951171875,-4438.39990234375,2.4477858543395996
348,46192,-3105.572509765625,-4269.60009765625,2.4533560276031494
349,46296,-3145.644287109375,-1716.800048828125,2.4589016437530518
350,46400,-3116.853759765625,-758.2000122070312,2.4644370079040527
351,46504,-3103.84814453125,-4840.7998046875,2.4700019359588623
352,46608,-3126.70703125,-1554.199951171875,2.4756124019622803
353,46712,-3110.620849609375,-4096.39990234375,2.4812824726104736
354,46816,-3155.447998046875,-2045.0,2.4870004653930664
355,46920,-3127.391357421875,-6426.7998046875,2.4927449226379395
356,47024,-3116.300048828125,-1227.0,2.498507022857666
357,47128,-3103.3701171875,-655.7999877929688,2.5042788982391357
358,47232,-3123.05615234375,-882.4000244140625,2.5100700855255127
359,47336,-3131.770751953125,-2887.60009765625,2.515890121459961
360,47440,-3125.184326171875,-2727.800048828125,2.52173113822937
361,47544,-3109.3291015625,-4259.60009765625,2.527585029602051
362,47648,-3102.521728515625,-2102.199951171875,2.533437490463257
363,47752,-3137.594482421875,-3665.800048828125,2.5392775535583496
364,47856,-3142.86669921875,-2595.39990234375,2.5450992584228516
365,47960,-3093.196044921875,-567.0,2.550906181335449
366,48064,-3099.29541015625,-557.0,2.5567216873168945
367,48168,-3140.607666015625,-2589.39990234375,2.5625507831573486
368,48272,-3169.833251953125,-2952.0,2.5684123039245605
369,48376,-3180.51416015625,-1720.4000244140625,2.5743088722229004
370,48480,-3194.96923828125,-4208.39990234375,2.580228805541992
371,48584,-3216.02783203125,-4727.7998046875,2.586146831512451
372,48688,-3233.779541015625,-2871.39990234375,2.592039108276367
373,48792,-3273.362548828125,-7132.60009765625,2.597914695739746
374,48896,-3266.574951171875,-5138.2001953125,2.6037862300872803
375,49000,-3253.7275390625,-5366.60009765625,2.609691858291626
376,49104,-3262.4326171875,-4178.0,2.615649700164795
377,49208,-3273.321533203125,-3535.39990234375,2.6216795444488525
378,49312,-3278.982666015625,-2390.199951171875,2.627779722213745
379,49416,-3259.36865234375,-3611.39990234375,2.633932590484619
380,49520,-3280.665283203125,-5213.0,2.6401100158691406
381,49624,-3304.130126953125,-563.0,2.646273136138916
382,49728,-3259.34912109375,-2999.800048828125,2.652401924133301
383,49832,-3290.398681640625,-545.0,2.6584813594818115
384,49936,-3226.99462890625,-957.5999755859375,2.66454815864563
385,50040,-3232.5009765625,-2009.0,2.6706483364105225
386,50144,-3245.8828125,-6970.7998046875,2.6767897605895996
387,50248,-3268.51806640625,-2852.199951171875,2.682971477508545
388,50352,-3270.051025390625,-5315.2001953125,2.6891791820526123
389,50456,-3272.948486328125,-1940.4000244140625,2.6953890323638916
390,50560,-3284.34521484375,-2405.60009765625,2.70160174369812
391,50664,-3279.55322265625,-3008.199951171875,2.7078299522399902
392,50768,-3282.259033203125,-4136.7998046875,2.714075803756714
393,50872,-3236.63427734375,-3698.0,2.7203493118286133
394,50976,-3228.912841796875,-1824.5999755859375,2.7266664505004883
395,51080,-3246.0634765625,-1256.4000244140625,2.733008861541748
396,51184,-3259.69091796875,-2208.199951171875,2.739387035369873
397,51288,-3226.071533203125,-3867.60009765625,2.7457780838012695
398,51392,-3231.05615234375,-3383.800048828125,2.7521767616271973
399,51496,-3203.626220703125,-5887.2001953125,2.7585608959198
400,51600,-3190.0908203125,-909.5999755859375,2.764920711517334
401,51704,-3146.44970703125,-4129.7998046875,2.771268367767334
402,51808,-3156.8818359375,-2905.0,2.7775943279266357
403,51912,-3162.03662109375,-739.5999755859375,2.7839481830596924
404,52016,-3170.5224609375,-1692.199951171875,2.7903201580047607
405,52120,-3179.723388671875,-4042.60009765625,2.7967183589935303
406,52224,-3166.38623046875,-4176.0,2.8031599521636963
407,52328,-3183.886962890625,-3460.800048828125,2.809677839279175
408,52432,-3194.5830078125,-754.4000244140625,2.816250801086426
409,52536,-3165.467041015625,-2833.60009765625,2.8228566646575928
410,52640,-3135.953857421875,-1143.5999755859375,2.8294620513916016
411,52744,-3124.76611328125,-3042.0,2.8360402584075928
412,52848,-3135.891357421875,-3676.199951171875,2.842582941055298
413,52952,-3107.9521484375,-1961.0,2.849106788635254
414,53056,-3135.65380859375,-3503.0,2.8556363582611084
415,53160,-3135.31591796875,-1828.4000244140625,2.8621792793273926
416,53264,-3151.758544921875,-1587.4000244140625,2.868757963180542
417,53368,-3161.857421875,-2088.60009765625,2.875371217727661
418,53472,-3146.85009765625,-718.2000122070312,2.882000207901001
419,53576,-3139.408935546875,-2872.199951171875,2.888680934906006
420,53680,-3129.476318359375,-4732.2001953125,2.8953850269317627
421,53784,-3123.85986328125,-3272.800048828125,2.9020988941192627
422,53888,-3141.389404296875,-2059.39990234375,2.908797025680542
423,53992,-3168.2861328125,-2929.800048828125,2.915487766265869
424,54096,-3184.40283203125,-2692.0,2.9221911430358887
425,54200,-3195.353515625,-2278.0,2.9289286136627197
426,54304,-3170.553466796875,-4441.60009765625,2.9356956481933594
427,54408,-3157.337890625,-4466.7998046875,2.9424850940704346
428,54512,-3148.7646484375,-1952.0,2.9492952823638916
429,54616,-3168.052490234375,-1376.199951171875,2.956151008605957
430,54720,-3162.140380859375,-928.5999755859375,2.9630215167999268
431,54824,-3182.956298828125,-1976.0,2.9699149131774902
432,54928,-3157.597412109375,-1283.5999755859375,2.9768216609954834
433,55032,-3125.964111328125,-652.4000244140625,2.9837772846221924
434,55136,-3133.28369140625,-6258.0,2.99078631401062
435,55240,-3098.814697265625,-5759.2001953125,2.9978222846984863
436,55344,-3166.1044921875,-674.4000244140625,3.004887819290161
437,55448,-3143.57373046875,-2399.0,3.0119636058807373
438,55552,-3096.312744140625,-1042.800048828125,3.019042491912842
439,55656,-3095.970458984375,-3856.199951171875,3.0261151790618896
440,55760,-3135.102783203125,-1770.0,3.03318452835083
441,55864,-3120.552001953125,-3272.0,3.0402519702911377
442,55968,-3091.289794921875,-4113.60009765625,3.04733943939209
443,56072,-3086.072509765625,-3890.199951171875,3.054450750350952
444,56176,-3094.95068359375,-1042.800048828125,3.061596632003784
445,56280,-3109.751953125,-2883.199951171875,3.0687613487243652
446,56384,-3074.732421875,-3049.800048828125,3.0759353637695312
447,56488,-3070.45166015625,-2753.199951171875,3.0830869674682617
448,56592,-3106.80908203125,-4333.39990234375,3.0902187824249268
449,56696,-3101.738037109375,-2495.39990234375,3.0973434448242188
450,56800,-3115.281494140625,-4444.60009765625,3.1044819355010986
451,56904,-3114.904052734375,-3478.0,3.1116297245025635
452,57008,-3099.86474609375,-572.0,3.1187870502471924
453,57112,-3108.37939453125,-1183.4000244140625,3.125980854034424
454,57216,-3075.25,-2290.60009765625,3.1332147121429443
455,57320,-3069.800048828125,-3616.0,3.1404950618743896
456,57424,-3069.2099609375,-4886.7998046875,3.1478099822998047
457,57528,-3102.68408203125,-2255.39990234375,3.1551685333251953
458,57632,-3104.540771484375,-5573.0,3.162581443786621
459,57736,-3079.806396484375,-5541.39990234375,3.1700356006622314
460,57840,-3082.4365234375,-2854.60009765625,3.177494764328003
461,57944,-3052.90869140625,-1304.199951171875,3.184971809387207
462,58048,-3053.824951171875,-5416.2001953125,3.192469835281372
463,58152,-3082.546875,-5506.39990234375,3.1999728679656982
464,58256,-3098.6865234375,-3318.800048828125,3.207472562789917
465,58360,-3105.80517578125,-2881.39990234375,3.214963674545288
466,58464,-3086.84619140625,-1151.5999755859375,3.2224533557891846
467,58568,-3080.251220703125,-5526.0,3.2299344539642334
468,58672,-3095.810791015625,-1330.0,3.237459659576416
469,58776,-3104.00830078125,-3280.0,3.2450640201568604
470,58880,-3056.8466796875,-1990.5999755859375,3.25272536277771
471,58984,-3060.634521484375,-3686.0,3.2603962421417236
472,59088,-3109.0458984375,-3593.60009765625,3.2680275440216064
473,59192,-3161.32666015625,-1836.5999755859375,3.2756142616271973
474,59296,-3178.36279296875,-3201.0,3.2831919193267822
475,59400,-3154.176025390625,-1800.800048828125,3.290799140930176
476,59504,-3194.193603515625,-1759.199951171875,3.2984516620635986
477,59608,-3197.123291015625,-2045.800048828125,3.3061273097991943
478,59712,-3169.060546875,-967.4000244140625,3.313807487487793
479,59816,-3184.55712890625,-675.5999755859375,3.3214879035949707
480,59920,-3152.868896484375,-2397.60009765625,3.329174757003784
481,60024,-3178.25927734375,-5181.2001953125,3.3369028568267822
482,60128,-3173.609375,-3260.0,3.344663143157959
483,60232,-3175.52734375,-1294.800048828125,3.35243558883667
484,60336,-3204.473388671875,-4366.0,3.3601882457733154
485,60440,-3197.298828125,-1617.5999755859375,3.3679206371307373
486,60544,-3196.020751953125,-1766.0,3.375666856765747
487,60648,-3177.196044921875,-5429.60009765625,3.383457660675049
488,60752,-3210.51025390625,-2166.199951171875,3.391310453414917
489,60856,-3235.9326171875,-2936.60009765625,3.399235486984253
490,60960,-3237.06982421875,-3792.199951171875,3.4072062969207764
491,61064,-3263.815185546875,-2289.5,3.4151976108551025
492,61168,-3309.116455078125,-3176.0,3.4231715202331543
493,61272,-3303.1708984375,-2516.39990234375,3.431119680404663
494,61376,-3269.22607421875,-3680.10009765625,3.439058303833008
495,61480,-3258.657470703125,-2859.60009765625,3.4470114707946777
496,61584,-3203.397705078125,-2866.0,3.454984188079834
497,61688,-3190.071044921875,-3944.60009765625,3.4629876613616943
498,61792,-3184.12841796875,-6118.0,3.471048355102539
499,61896,-3246.487548828125,-2327.699951171875,3.4791483879089355
500,62000,-3282.614013671875,-2439.199951171875,3.4872653484344482
501,62104,-3316.270263671875,-1137.0,3.4953694343566895
502,62208,-3268.836181640625,-2720.5,3.503506660461426
503,62312,-3260.406494140625,-659.4000244140625,3.5116703510284424
504,62416,-3259.210693359375,-558.4000244140625,3.5199077129364014
505,62520,-3266.976806640625,-2013.699951171875,3.528198003768921
506,62624,-3243.8828125,-2535.800048828125,3.5365352630615234
507,62728,-3244.5,-6390.7001953125,3.544919490814209
508,62832,-3267.282958984375,-4325.60009765625,3.553312301635742
509,62936,-3276.452880859375,-2371.300048828125,3.5617384910583496
510,63040,-3293.445556640625,-857.7000122070312,3.570159673690796
511,63144,-3273.896484375,-4311.89990234375,3.578594207763672
512,63248,-3274.90478515625,-5839.2001953125,3.58705735206604
513,63352,-3244.689208984375,-1369.5999755859375,3.5955264568328857
514,63456,-3241.26025390625,-1917.9000244140625,3.6039865016937256
515,63560,-3253.34814453125,-1556.9000244140625,3.6124391555786133
516,63664,-3277.282470703125,-4164.10009765625,3.620870351791382
517,63768,-3275.130859375,-6133.89990234375,3.62930965423584
518,63872,-3254.463134765625,-5651.5,3.6377739906311035
519,63976,-3275.71923828125,-1527.699951171875,3.6462957859039307
520,64080,-3263.8349609375,-2133.5,3.6548898220062256
521,64184,-3269.290771484375,-2919.5,3.663550853729248
522,64288,-3222.065185546875,-3552.5,3.6722536087036133
523,64392,-3199.376953125,-1976.699951171875,3.6809773445129395
524,64496,-3227.40966796875,-2789.800048828125,3.6896469593048096
525,64600,-3198.064697265625,-3457.39990234375,3.698258876800537
526,64704,-3250.369140625,-3626.300048828125,3.706843852996826
527,64808,-3243.15087890625,-1755.0999755859375,3.715420722961426
528,64912,-3239.634521484375,-3398.199951171875,3.72400164604187
529,65016,-3158.592529296875,-1057.5999755859375,3.732625961303711
530,65120,-3151.6259765625,-2183.10009765625,3.7413041591644287
531,65224,-3176.221435546875,-4224.5,3.7500367164611816
532,65328,-3199.292724609375,-4319.2998046875,3.758812189102173
533,65432,-3161.7119140625,-3464.699951171875,3.7675747871398926
534,65536,-3180.082763671875,-4511.39990234375,3.7763113975524902
535,65640,-3174.925537109375,-2192.800048828125,3.7850260734558105
536,65744,-3200.48583984375,-2479.300048828125,3.79376220703125
537,65848,-3190.369140625,-3185.10009765625,3.8025341033935547
538,65952,-3167.322509765625,-2618.39990234375,3.811337947845459
539,66056,-3165.55615234375,-6736.89990234375,3.820180654525757
540,66160,-3176.90966796875,-1153.699951171875,3.8290109634399414
541,66264,-3200.28466796875,-1523.4000244140625,3.837832450866699
542,66368,-3186.0869140625,-8062.7998046875,3.846681594848633
543,66472,-3224.71484375,-2788.699951171875,3.855550765991211
544,66576,-3208.310546875,-1920.199951171875,3.864457368850708
545,66680,-3182.03271484375,-2939.199951171875,3.87338924407959
546,66784,-3204.40185546875,-3449.800048828125,3.8823583126068115
547,66888,-3201.25390625,-2668.800048828125,3.8913557529449463
548,66992,-3209.448486328125,-4283.39990234375,3.9004199504852295
549,67096,-3171.474609375,-2922.89990234375,3.909510374069214
550,67200,-3181.465087890625,-2590.800048828125,3.9186172485351562
551,67304,-3182.10009765625,-1743.5999755859375,3.92775297164917
552,67408,-3209.779541015625,-2083.60009765625,3.9369075298309326
553,67512,-3231.78515625,-1473.5999755859375,3.946086883544922
554,67616,-3218.321533203125,-4421.60009765625,3.955268621444702
555,67720,-3235.066650390625,-3134.800048828125,3.9644742012023926
556,67824,-3202.17724609375,-2981.89990234375,3.9736788272857666
557,67928,-3205.6708984375,-2689.800048828125,3.9829139709472656
558,68032,-3189.478515625,-2055.0,3.9921703338623047
559,68136,-3225.142333984375,-3246.800048828125,4.001450061798096
560,68240,-3226.978759765625,-5451.0,4.010759353637695
561,68344,-3187.178466796875,-5488.0,4.0200700759887695
562,68448,-3168.716552734375,-1988.4000244140625,4.029383659362793
563,68552,-3193.427001953125,-5518.0,4.038719177246094
564,68656,-3158.063720703125,-4761.60009765625,4.0480475425720215
565,68760,-3165.623291015625,-1289.199951171875,4.057412624359131
566,68864,-3130.718994140625,-2690.800048828125,4.066806793212891
567,68968,-3108.614501953125,-2952.39990234375,4.076226234436035
568,69072,-3122.943603515625,-5086.39990234375,4.085664749145508
569,69176,-3111.286865234375,-8674.599609375,4.095085144042969
570,69280,-3109.19580078125,-971.5999755859375,4.104497909545898
571,69384,-3104.0478515625,-4714.0,4.11392879486084
572,69488,-3151.013671875,-2850.800048828125,4.1234002113342285
573,69592,-3110.488037109375,-4425.2001953125,4.132884502410889
574,69696,-3095.0478515625,-3297.60009765625,4.1423845291137695
575,69800,-3112.228759765625,-3946.800048828125,4.151928424835205
576,69904,-3077.302490234375,-1895.0,4.1614990234375
577,70008,-3078.239013671875,-2832.39990234375,4.1711225509643555
578,70112,-3047.78564453125,-3775.60009765625,4.1808061599731445
579,70216,-3033.895751953125,-2093.39990234375,4.190495491027832
580,70320,-3030.31787109375,-4441.7998046875,4.200226783752441
581,70424,-3028.831298828125,-2445.800048828125,4.209985733032227
582,70528,-3013.504150390625,-3589.60009765625,4.219753742218018
583,70632,-2988.5068359375,-3144.800048828125,4.229496002197266
584,70736,-2960.573486328125,-2606.199951171875,4.239259719848633
585,70840,-2963.679443359375,-2709.199951171875,4.249074459075928
586,70944,-2954.06884765625,-2869.39990234375,4.2589216232299805
587,71048,-2940.24365234375,-2863.199951171875,4.268799304962158
588,71152,-2952.886962890625,-3851.5,4.278700828552246
589,71256,-2967.916748046875,-1300.5999755859375,4.288627624511719
590,71360,-2970.981201171875,-5363.60009765625,4.29854679107666
591,71464,-2966.301025390625,-2345.800048828125,4.308491230010986
592,71568,-2969.552978515625,-5285.0,4.318472862243652
593,71672,-2981.885498046875,-4047.800048828125,4.328480243682861
594,71776,-2983.542724609375,-1182.199951171875,4.338504791259766
595,71880,-2986.923095703125,-2704.89990234375,4.348544120788574
596,71984,-2991.5810546875,-2685.0,4.3585734367370605
597,72088,-2994.63330078125,-4155.39990234375,4.36858606338501
598,72192,-2981.12939453125,-1687.199951171875,4.378592491149902
599,72296,-2989.1328125,-1073.9000244140625,4.38857889175415
600,72400,-2981.719482421875,-1011.5999755859375,4.3986287117004395
601,72504,-2986.36083984375,-2411.199951171875,4.4087700843811035
602,72608,-2962.835693359375,-5352.5,4.418949604034424
603,72712,-2981.2099609375,-4599.60009765625,4.429105281829834
604,72816,-3011.406494140625,-5451.0,4.439245223999023
605,72920,-3010.53662109375,-581.9000244140625,4.449413776397705
606,73024,-2989.32177734375,-3505.800048828125,4.459603786468506
607,73128,-3040.593505859375,-3007.10009765625,4.469820499420166
608,73232,-3067.728515625,-3508.89990234375,4.480090141296387
609,73336,-3091.568359375,-4968.2001953125,4.490399360656738
610,73440,-3071.802978515625,-3522.89990234375,4.500752925872803
611,73544,-3099.866455078125,-4580.39990234375,4.51115083694458
612,73648,-3111.89306640625,-932.5999755859375,4.521552085876465
613,73752,-3127.192626953125,-1929.0999755859375,4.531984806060791
614,73856,-3176.837158203125,-1272.699951171875,4.542418003082275
615,73960,-3193.737060546875,-3153.10009765625,4.552865982055664
616,74064,-3223.521240234375,-5000.60009765625,4.563309669494629
617,74168,-3220.960205078125,-2162.699951171875,4.573800563812256
618,74272,-3208.287109375,-2786.60009765625,4.584357738494873
619,74376,-3172.6640625,-4370.7001953125,4.594962120056152
620,74480,-3168.063232421875,-2399.89990234375,4.60557746887207
621,74584,-3171.924072265625,-1174.699951171875,4.616206645965576
622,74688,-3197.49560546875,-3287.699951171875,4.626863956451416
623,74792,-3182.69140625,-5140.39990234375,4.637547016143799
624,74896,-3199.7744140625,-1180.4000244140625,4.648285865783691
625,75000,-3196.28759765625,-2420.800048828125,4.659083366394043
626,75104,-3182.366943359375,-2627.10009765625,4.669894218444824
627,75208,-3176.613525390625,-2798.699951171875,4.680716514587402
628,75312,-3183.7421875,-3702.5,4.691549301147461
629,75416,-3182.68408203125,-2138.39990234375,4.702378749847412
630,75520,-3185.42724609375,-1154.0,4.71319580078125
631,75624,-3174.465087890625,-4263.2001953125,4.724002361297607
632,75728,-3196.237060546875,-2594.89990234375,4.734840393066406
633,75832,-3190.630859375,-4741.2998046875,4.745708465576172
634,75936,-3192.183349609375,-3252.300048828125,4.756606578826904
635,76040,-3214.697509765625,-2901.300048828125,4.767524242401123
636,76144,-3235.114990234375,-3177.199951171875,4.778453350067139
637,76248,-3174.73779296875,-6378.10009765625,4.789409637451172
638,76352,-3157.133056640625,-837.7999877929688,4.800388336181641
639,76456,-3169.092041015625,-1240.4000244140625,4.811347007751465
640,76560,-3182.82958984375,-1158.0,4.82230806350708
641,76664,-3145.47314453125,-819.2000122070312,4.833309173583984
642,76768,-3163.3740234375,-664.0,4.84434700012207
643,76872,-3161.042724609375,-3952.10009765625,4.855405330657959
644,76976,-3130.63232421875,-2448.60009765625,4.8665008544921875
645,77080,-3111.8203125,-1208.199951171875,4.877588272094727
646,77184,-3083.6689453125,-1769.5,4.88873815536499
647,77288,-3110.81982421875,-4930.5,4.899935722351074
648,77392,-3108.3271484375,-2672.800048828125,4.911229133605957
649,77496,-3122.434814453125,-2212.699951171875,4.922536373138428
650,77600,-3096.59228515625,-2207.0,4.933833122253418
651,77704,-3100.79931640625,-568.9000244140625,4.945163249969482
652,77808,-3062.02587890625,-2991.10009765625,4.956519603729248
653,77912,-3059.362060546875,-8143.89990234375,4.9679036140441895
654,78016,-3053.842041015625,-4620.89990234375,4.9793267250061035
655,78120,-3083.578125,-4215.5,4.9908037185668945
656,78224,-3094.528564453125,-2788.10009765625,5.002284526824951
657,78328,-3104.2431640625,-2703.60009765625,5.013753890991211
658,78432,-3126.2431640625,-4077.699951171875,5.025219917297363
659,78536,-3113.822021484375,-2064.199951171875,5.036744117736816
660,78640,-3113.373779296875,-2674.39990234375,5.048330307006836
661,78744,-3102.76708984375,-2874.800048828125,5.059968948364258
662,78848,-3125.348388671875,-1785.5999755859375,5.071659088134766
663,78952,-3128.12060546875,-3759.800048828125,5.083373546600342
664,79056,-3147.405029296875,-4738.2001953125,5.0951104164123535
665,79160,-3143.43017578125,-4133.39990234375,5.106862545013428
666,79264,-3164.644775390625,-1546.300048828125,5.118588447570801
667,79368,-3167.563720703125,-5344.5,5.1303253173828125
668,79472,-3185.07958984375,-5695.10009765625,5.142112731933594
669,79576,-3182.54833984375,-6340.2001953125,5.153950214385986
670,79680,-3181.16796875,-2958.300048828125,5.165815830230713
671,79784,-3166.2451171875,-2971.89990234375,5.177707195281982
672,79888,-3138.093994140625,-5020.89990234375,5.189626693725586
673,79992,-3133.673828125,-6488.89990234375,5.201573371887207
674,80096,-3159.11962890625,-2433.39990234375,5.213614463806152
675,80200,-3157.294189453125,-2228.699951171875,5.225715637207031
676,80304,-3189.391357421875,-4463.60009765625,5.237825393676758
677,80408,-3181.611328125,-5201.10009765625,5.249884605407715
678,80512,-3176.088134765625,-1803.4000244140625,5.261972904205322
679,80616,-3156.941650390625,-1187.0999755859375,5.274073123931885
680,80720,-3154.074462890625,-1684.9000244140625,5.286177635192871
681,80824,-3147.05859375,-6395.10009765625,5.298327445983887
682,80928,-3198.408935546875,-3587.300048828125,5.3105034828186035
683,81032,-3179.353759765625,-1353.9000244140625,5.322673320770264
684,81136,-3184.98583984375,-1188.0999755859375,5.334811687469482
685,81240,-3161.3349609375,-4702.5,5.3469319343566895
686,81344,-3160.82861328125,-2620.800048828125,5.359087944030762
687,81448,-3182.90185546875,-4102.60009765625,5.371330738067627
688,81552,-3130.072998046875,-1877.699951171875,5.383610725402832
689,81656,-3155.99658203125,-5558.7998046875,5.395928859710693
690,81760,-3162.799072265625,-3868.0,5.408260822296143
691,81864,-3164.269287109375,-1259.0,5.420523166656494
692,81968,-3108.49365234375,-5894.5,5.432773113250732
693,82072,-3101.08935546875,-1694.4000244140625,5.445024490356445
694,82176,-3059.242919921875,-1441.0999755859375,5.4572625160217285
695,82280,-3033.07861328125,-2524.39990234375,5.469488143920898
696,82384,-2989.273681640625,-2042.800048828125,5.481800079345703
697,82488,-3015.75732421875,-2851.89990234375,5.4942402839660645
698,82592,-3003.4658203125,-2397.800048828125,5.506810665130615
699,82696,-3014.46533203125,-1646.0999755859375,5.519450664520264
