,step,AverageReturn
0,100,-18896.830078125
1,200,-12315.48046875
2,300,-13651.240234375
3,400,-17356.48046875
4,500,-13413.3798828125
5,600,-14296.169921875
6,700,-13041.58984375
7,800,-14099.2197265625
8,900,-11736.51953125
9,1000,-10122.6201171875
10,1100,-11953.400390625
11,1200,-8808.6201171875
12,1300,-10688.8798828125
13,1400,-8036.47021484375
14,1500,-7546.240234375
15,1600,-7654.0
16,1700,-8035.1201171875
17,1800,-7112.02001953125
18,1900,-6184.31982421875
19,2000,-6074.02001953125
20,2100,-6020.4599609375
21,2200,-5500.3798828125
22,2300,-5099.02001953125
23,2400,-6111.64990234375
24,2500,-5198.68017578125
25,2600,-5234.759765625
26,2700,-5584.22998046875
27,2800,-4951.85009765625
28,2900,-4526.990234375
29,3000,-4385.97998046875
30,3100,-4503.7998046875
31,3200,-4918.009765625
32,3300,-4266.22021484375
33,3400,-4547.52978515625
34,3500,-4045.760009765625
35,3600,-3876.110107421875
36,3700,-3440.409912109375
37,3800,-3273.89990234375
38,3900,-2914.449951171875
39,4000,-4094.320068359375
40,4100,-3301.780029296875
41,4200,-3702.610107421875
42,4300,-2918.110107421875
43,4400,-2109.139892578125
44,4500,-3926.610107421875
45,4600,-2372.389892578125
46,4700,-3097.889892578125
47,4800,-2684.760009765625
48,4900,-2767.9599609375
49,5000,-2681.43994140625
50,5100,-2921.800048828125
51,5200,-2372.659912109375
52,5300,-2007.6500244140625
53,5400,-1676.6199951171875
54,5500,-2136.18994140625
55,5600,-2645.909912109375
56,5700,-2113.860107421875
57,5800,-2247.360107421875
58,5900,-2206.300048828125
59,6000,-1709.050048828125
60,6100,-1952.300048828125
61,6200,-2253.5
62,6300,-2049.419921875
63,6400,-2592.800048828125
64,6500,-1963.8299560546875
65,6600,-2501.27001953125
66,6700,-1914.81005859375
67,6800,-1884.8299560546875
68,6900,-1962.1199951171875
69,7000,-2104.909912109375
70,7100,-1585.9300537109375
71,7200,-1957.1600341796875
72,7300,-1495.22998046875
73,7400,-1800.5400390625
74,7500,-1674.989990234375
75,7600,-1719.1400146484375
76,7700,-1285.469970703125
77,7800,-2102.3798828125
78,7900,-1485.4200439453125
79,8000,-1852.1800537109375
80,8100,-1664.0699462890625
81,8200,-1492.949951171875
82,8300,-1887.8599853515625
83,8400,-1675.4200439453125
84,8500,-1599.7900390625
85,8600,-1931.31005859375
86,8700,-1657.260009765625
87,8800,-1697.4100341796875
88,8900,-1302.1400146484375
89,9000,-1461.25
90,9100,-1345.780029296875
91,9200,-1247.1400146484375
92,9300,-1736.989990234375
93,9400,-1552.3699951171875
94,9500,-1174.780029296875
95,9600,-1285.9000244140625
96,9700,-1439.800048828125
97,9800,-1622.489990234375
98,9900,-1453.9000244140625
99,10000,-1638.43994140625
100,10100,-1485.02001953125
101,10200,-1694.2900390625
102,10300,-1486.949951171875
103,10400,-1307.77001953125
104,10500,-1619.72998046875
105,10600,-1705.8499755859375
106,10700,-1492.510009765625
107,10800,-1324.3900146484375
108,10900,-1245.050048828125
109,11000,-1544.5999755859375
110,11100,-1067.4599609375
111,11200,-1467.260009765625
112,11300,-1151.3599853515625
113,11400,-1060.699951171875
114,11500,-1381.1300048828125
115,11600,-1546.9300537109375
116,11700,-1164.510009765625
117,11800,-1268.25
118,11900,-1286.0699462890625
119,12000,-1338.3199462890625
120,12100,-1021.6900024414062
121,12200,-1146.0999755859375
122,12300,-1191.050048828125
123,12400,-1309.7900390625
124,12500,-1196.06005859375
125,12600,-1299.47998046875
126,12700,-1324.43994140625
127,12800,-1189.3599853515625
128,12900,-1288.6600341796875
129,13000,-1293.4200439453125
130,13100,-1237.4599609375
131,13200,-1447.300048828125
132,13300,-1548.9000244140625
133,13400,-1270.030029296875
134,13500,-1350.199951171875
135,13600,-1248.1300048828125
136,13700,-1254.719970703125
137,13800,-1313.4000244140625
138,13900,-1290.8199462890625
139,14000,-1216.6800537109375
140,14100,-1262.8299560546875
141,14200,-1433.93994140625
142,14300,-1348.260009765625
143,14400,-1371.3499755859375
144,14500,-1425.18994140625
145,14600,-1061.719970703125
146,14700,-1069.81005859375
147,14800,-1179.949951171875
148,14900,-1075.4100341796875
149,15000,-1274.5699462890625
150,15100,-1230.25
151,15200,-1189.010009765625
152,15300,-1138.780029296875
153,15400,-1203.8800048828125
154,15500,-990.1900024414062
155,15600,-1075.949951171875
156,15700,-1203.219970703125
157,15800,-1243.9300537109375
158,15900,-1188.81005859375
159,16000,-1300.510009765625
160,16100,-1375.5799560546875
161,16200,-1044.550048828125
162,16300,-1260.8299560546875
163,16400,-1193.0899658203125
164,16500,-1403.5699462890625
165,16600,-1285.4100341796875
166,16700,-1165.3299560546875
167,16800,-1179.5799560546875
168,16900,-1116.06005859375
169,17000,-1191.0799560546875
170,17100,-1188.0400390625
171,17200,-1069.1199951171875
172,17300,-1117.5799560546875
173,17400,-1091.949951171875
174,17500,-1238.5899658203125
175,17600,-1134.1600341796875
176,17700,-1117.8199462890625
177,17800,-1128.530029296875
178,17900,-1181.3900146484375
179,18000,-1109.4599609375
180,18100,-1421.1300048828125
181,18200,-1058.6800537109375
182,18300,-1235.3900146484375
183,18400,-1200.1700439453125
184,18500,-1249.25
185,18600,-1064.030029296875
186,18700,-1128.27001953125
187,18800,-1179.6099853515625
188,18900,-1113.219970703125
189,19000,-1194.25
190,19100,-1085.25
191,19200,-1182.719970703125
192,19300,-1206.68994140625
193,19400,-1188.489990234375
194,19500,-1065.1600341796875
195,19600,-1178.8499755859375
196,19700,-1174.02001953125
197,19800,-1085.6600341796875
198,19900,-1197.239990234375
199,20000,-1094.469970703125
200,20100,-1077.75
201,20200,-1281.050048828125
202,20300,-1041.5799560546875
203,20400,-1092.77001953125
204,20500,-1058.3800048828125
205,20600,-1044.969970703125
206,20700,-1286.510009765625
207,20800,-1017.8200073242188
208,20900,-1210.1300048828125
209,21000,-1025.6500244140625
210,21100,-1116.3699951171875
211,21200,-1157.030029296875
212,21300,-1015.9500122070312
213,21400,-1163.5400390625
214,21500,-1197.010009765625
215,21600,-1086.050048828125
216,21700,-1033.56005859375
217,21800,-1164.7900390625
218,21900,-1308.3800048828125
219,22000,-1105.6300048828125
220,22100,-1063.719970703125
221,22200,-1139.989990234375
222,22300,-1428.93994140625
223,22400,-1241.5799560546875
224,22500,-1133.3699951171875
225,22600,-1177.02001953125
226,22700,-1118.43994140625
227,22800,-1237.239990234375
228,22900,-978.030029296875
229,23000,-1280.6199951171875
230,23100,-1211.800048828125
231,23200,-1290.2900390625
232,23300,-1141.72998046875
233,23400,-1046.6500244140625
234,23500,-1299.52001953125
235,23600,-1023.6199951171875
236,23700,-1205.27001953125
237,23800,-1222.75
238,23900,-1212.1400146484375
239,24000,-1248.3299560546875
240,24100,-1166.800048828125
241,24200,-1146.449951171875
242,24300,-1098.3299560546875
243,24400,-1228.800048828125
244,24500,-1064.75
245,24600,-1049.239990234375
246,24700,-1134.3599853515625
247,24800,-1025.6500244140625
248,24900,-1151.1600341796875
249,25000,-1124.4000244140625
250,25100,-1235.239990234375
251,25200,-1277.3599853515625
252,25300,-1087.3199462890625
253,25400,-1193.47998046875
254,25500,-1010.1400146484375
255,25600,-1127.0999755859375
256,25700,-1165.8599853515625
257,25800,-1105.7099609375
258,25900,-1071.8499755859375
259,26000,-1195.18994140625
260,26100,-1118.780029296875
261,26200,-1067.7099609375
262,26300,-1067.81005859375
263,26400,-1159.969970703125
264,26500,-1135.739990234375
265,26600,-1032.8599853515625
266,26700,-1136.5
267,26800,-1111.43994140625
268,26900,-979.010009765625
269,27000,-1163.1199951171875
270,27100,-1183.5999755859375
271,27200,-1220.5999755859375
272,27300,-1208.3699951171875
273,27400,-1106.3800048828125
274,27500,-1090.5899658203125
275,27600,-1085.5999755859375
276,27700,-1048.4000244140625
277,27800,-1052.72998046875
278,27900,-990.9299926757812
279,28000,-1123.530029296875
280,28100,-1285.7099609375
281,28200,-1125.6099853515625
282,28300,-1134.3900146484375
283,28400,-1157.030029296875
284,28500,-1077.239990234375
285,28600,-1141.02001953125
286,28700,-1197.8199462890625
287,28800,-1142.9599609375
288,28900,-1015.8200073242188
289,29000,-1144.1400146484375
290,29100,-1049.469970703125
291,29200,-1023.9000244140625
292,29300,-1104.52001953125
293,29400,-1160.800048828125
294,29500,-1196.1199951171875
295,29600,-1062.0899658203125
296,29700,-1177.6300048828125
297,29800,-1145.6700439453125
298,29900,-1106.93994140625
299,30000,-1133.6099853515625
300,30100,-1132.77001953125
301,30200,-1019.6699829101562
302,30300,-1174.8699951171875
303,30400,-1059.469970703125
304,30500,-1092.68994140625
305,30600,-1167.469970703125
306,30700,-1172.72998046875
307,30800,-1012.8599853515625
308,30900,-1095.719970703125
309,31000,-1170.75
310,31100,-1081.0999755859375
311,31200,-1047.1500244140625
312,31300,-1043.1400146484375
313,31400,-1160.030029296875
314,31500,-1155.0
315,31600,-1154.6099853515625
316,31700,-1108.27001953125
317,31800,-1072.52001953125
318,31900,-1224.9599609375
319,32000,-1031.3800048828125
320,32100,-1123.1700439453125
321,32200,-1150.0999755859375
322,32300,-1061.97998046875
323,32400,-1039.6300048828125
324,32500,-1031.5
325,32600,-1071.93994140625
326,32700,-1033.0699462890625
327,32800,-1069.1300048828125
328,32900,-1107.8900146484375
329,33000,-1097.81005859375
330,33100,-1101.9000244140625
331,33200,-1170.8800048828125
332,33300,-1204.06005859375
333,33400,-1112.72998046875
334,33500,-1133.550048828125
335,33600,-1106.97998046875
336,33700,-1030.239990234375
337,33800,-1049.6199951171875
338,33900,-1131.9599609375
339,34000,-1267.4599609375
340,34100,-1170.3599853515625
341,34200,-1116.8599853515625
342,34300,-1020.2100219726562
343,34400,-1137.9100341796875
344,34500,-1041.18994140625
345,34600,-1118.3399658203125
346,34700,-1048.6199951171875
347,34800,-1149.489990234375
348,34900,-1098.8699951171875
349,35000,-1063.25
350,35100,-1086.9100341796875
351,35200,-1206.8800048828125
352,35300,-1182.9599609375
353,35400,-1117.5999755859375
354,35500,-1075.5
355,35600,-1022.3300170898438
356,35700,-1105.699951171875
357,35800,-1207.1700439453125
358,35900,-1040.4599609375
359,36000,-1015.4199829101562
360,36100,-998.1900024414062
361,36200,-1061.1300048828125
362,36300,-1148.3299560546875
363,36400,-1077.6600341796875
364,36500,-1153.219970703125
365,36600,-1025.780029296875
366,36700,-1048.550048828125
367,36800,-1157.0
368,36900,-1036.050048828125
369,37000,-1024.8399658203125
370,37100,-1110.550048828125
371,37200,-1047.72998046875
372,37300,-1051.4300537109375
373,37400,-1131.5
374,37500,-1024.97998046875
375,37600,-1081.3199462890625
376,37700,-1146.43994140625
377,37800,-996.8099975585938
378,37900,-1166.8699951171875
379,38000,-1140.4000244140625
380,38100,-1067.6400146484375
381,38200,-1176.8199462890625
382,38300,-1174.02001953125
383,38400,-1074.780029296875
384,38500,-1053.3800048828125
385,38600,-1055.5400390625
386,38700,-1069.3199462890625
387,38800,-1153.52001953125
388,38900,-1138.0999755859375
389,39000,-1005.0800170898438
390,39100,-1026.699951171875
391,39200,-1092.780029296875
392,39300,-1145.1300048828125
393,39400,-1069.4300537109375
394,39500,-1019.9500122070312
395,39600,-1014.77001953125
396,39700,-1156.5999755859375
397,39800,-1171.1199951171875
398,39900,-1186.2900390625
399,40000,-1148.800048828125
400,40100,-1102.43994140625
401,40200,-980.0
402,40300,-1171.510009765625
403,40400,-1084.1099853515625
404,40500,-1077.550048828125
405,40600,-1009.989990234375
406,40700,-1036.7099609375
407,40800,-1136.5400390625
408,40900,-1064.8299560546875
409,41000,-1129.6500244140625
410,41100,-1140.27001953125
411,41200,-1018.9099731445312
412,41300,-1098.5999755859375
413,41400,-1047.5799560546875
414,41500,-1088.77001953125
415,41600,-1005.219970703125
416,41700,-972.6300048828125
417,41800,-1005.8400268554688
418,41900,-1072.260009765625
419,42000,-1021.4099731445312
420,42100,-983.4299926757812
421,42200,-1031.8699951171875
422,42300,-1222.0699462890625
423,42400,-1024.81005859375
424,42500,-1072.3699951171875
425,42600,-1108.3699951171875
426,42700,-985.6199951171875
427,42800,-1050.530029296875
428,42900,-1038.1500244140625
429,43000,-1076.4100341796875
430,43100,-1194.75
431,43200,-1072.449951171875
432,43300,-1035.510009765625
433,43400,-1095.989990234375
434,43500,-1119.4200439453125
435,43600,-1108.47998046875
436,43700,-1100.22998046875
437,43800,-1103.0999755859375
438,43900,-1104.9300537109375
439,44000,-1220.280029296875
440,44100,-1010.0999755859375
441,44200,-1033.52001953125
442,44300,-1208.780029296875
443,44400,-967.0599975585938
444,44500,-1112.989990234375
445,44600,-1033.93994140625
446,44700,-1017.5900268554688
447,44800,-1064.449951171875
448,44900,-975.3099975585938
449,45000,-1036.8399658203125
450,45100,-1040.5799560546875
451,45200,-1028.3199462890625
452,45300,-1058.6199951171875
453,45400,-1125.0899658203125
454,45500,-966.7100219726562
455,45600,-1009.780029296875
456,45700,-1118.6099853515625
457,45800,-1136.719970703125
458,45900,-1045.030029296875
459,46000,-1145.7900390625
460,46100,-1084.030029296875
461,46200,-1033.5699462890625
462,46300,-1152.02001953125
463,46400,-1051.3699951171875
464,46500,-1080.1600341796875
465,46600,-1058.3800048828125
466,46700,-985.4199829101562
467,46800,-1095.3299560546875
468,46900,-1132.52001953125
469,47000,-1037.8299560546875
470,47100,-1002.2899780273438
471,47200,-1067.969970703125
472,47300,-1050.1800537109375
473,47400,-1002.22998046875
474,47500,-975.030029296875
475,47600,-1101.4000244140625
476,47700,-974.739990234375
477,47800,-1207.510009765625
478,47900,-1051.4300537109375
479,48000,-1004.2100219726562
480,48100,-1009.8599853515625
481,48200,-979.969970703125
482,48300,-976.3800048828125
483,48400,-1051.75
484,48500,-1053.3800048828125
485,48600,-1036.0699462890625
486,48700,-1143.1400146484375
487,48800,-1073.27001953125
488,48900,-1029.4300537109375
489,49000,-948.8900146484375
490,49100,-1058.4100341796875
491,49200,-1028.5
492,49300,-997.97998046875
493,49400,-1122.199951171875
494,49500,-1173.77001953125
495,49600,-1011.6300048828125
496,49700,-1232.030029296875
497,49800,-1128.9200439453125
498,49900,-1176.260009765625
499,50000,-1049.0699462890625
500,50100,-986.4299926757812
501,50200,-977.469970703125
502,50300,-1039.7099609375
503,50400,-1098.489990234375
504,50500,-1021.6799926757812
505,50600,-1225.06005859375
506,50700,-955.0700073242188
507,50800,-1071.949951171875
508,50900,-1013.97998046875
509,51000,-999.1900024414062
510,51100,-1037.06005859375
511,51200,-1055.97998046875
512,51300,-1048.4000244140625
513,51400,-1036.1800537109375
514,51500,-1042.6600341796875
515,51600,-1001.0900268554688
516,51700,-1091.219970703125
517,51800,-1002.8599853515625
518,51900,-959.6900024414062
519,52000,-991.780029296875
520,52100,-987.1799926757812
521,52200,-927.7000122070312
522,52300,-957.5900268554688
523,52400,-1072.510009765625
524,52500,-1012.3499755859375
525,52600,-1167.02001953125
526,52700,-1096.75
527,52800,-1020.280029296875
528,52900,-968.1699829101562
529,53000,-1046.43994140625
530,53100,-1036.1700439453125
531,53200,-1028.1400146484375
532,53300,-1217.260009765625
533,53400,-1080.5699462890625
534,53500,-1102.3399658203125
535,53600,-1089.010009765625
536,53700,-1036.27001953125
537,53800,-937.2999877929688
538,53900,-1103.43994140625
539,54000,-996.3400268554688
540,54100,-1020.969970703125
541,54200,-959.8099975585938
542,54300,-1032.219970703125
543,54400,-999.9299926757812
544,54500,-980.1300048828125
545,54600,-1036.9200439453125
546,54700,-1091.280029296875
547,54800,-940.7899780273438
548,54900,-980.5599975585938
549,55000,-984.969970703125
550,55100,-1070.7099609375
551,55200,-1047.5
552,55300,-1048.22998046875
553,55400,-1006.6300048828125
554,55500,-997.6300048828125
555,55600,-935.8400268554688
556,55700,-1119.81005859375
557,55800,-931.75
558,55900,-988.5499877929688
559,56000,-1065.8599853515625
560,56100,-1183.719970703125
561,56200,-976.989990234375
562,56300,-1040.8399658203125
563,56400,-1027.22998046875
564,56500,-972.780029296875
565,56600,-1111.4000244140625
566,56700,-969.6699829101562
567,56800,-959.0
568,56900,-949.6400146484375
569,57000,-1039.9300537109375
570,57100,-1037.06005859375
571,57200,-977.3400268554688
572,57300,-1020.469970703125
573,57400,-987.3099975585938
574,57500,-998.8099975585938
575,57600,-1061.550048828125
576,57700,-1021.0900268554688
577,57800,-1042.0799560546875
578,57900,-1021.1599731445312
579,58000,-955.52001953125
580,58100,-1069.8499755859375
581,58200,-1063.8699951171875
582,58300,-966.239990234375
583,58400,-996.0
584,58500,-938.97998046875
585,58600,-978.4500122070312
586,58700,-1109.8299560546875
587,58800,-919.02001953125
588,58900,-971.2999877929688
589,59000,-1083.8399658203125
590,59100,-1147.5
591,59200,-955.6300048828125
592,59300,-1117.7099609375
593,59400,-1012.0999755859375
594,59500,-1076.8599853515625
595,59600,-977.489990234375
596,59700,-903.3699951171875
597,59800,-1072.97998046875
598,59900,-1185.010009765625
599,60000,-1026.1199951171875
600,60100,-1060.81005859375
601,60200,-963.1500244140625
602,60300,-1044.68994140625
603,60400,-1055.0799560546875
604,60500,-942.5800170898438
605,60600,-1028.4200439453125
606,60700,-968.489990234375
607,60800,-1017.2899780273438
608,60900,-1076.5
609,61000,-981.4000244140625
610,61100,-978.8800048828125
611,61200,-1072.47998046875
612,61300,-1006.3599853515625
613,61400,-1070.3800048828125
614,61500,-1000.3800048828125
615,61600,-1018.6199951171875
616,61700,-946.9000244140625
617,61800,-1045.3399658203125
618,61900,-985.1900024414062
619,62000,-1020.7899780273438
620,62100,-1017.7999877929688
621,62200,-959.969970703125
622,62300,-1049.43994140625
623,62400,-988.0
624,62500,-932.219970703125
625,62600,-1030.8299560546875
626,62700,-973.9299926757812
627,62800,-998.4199829101562
628,62900,-1001.1099853515625
629,63000,-932.1699829101562
630,63100,-1122.0699462890625
631,63200,-1030.3499755859375
632,63300,-1080.0699462890625
633,63400,-967.1900024414062
634,63500,-941.0900268554688
635,63600,-1164.6099853515625
636,63700,-1065.1600341796875
637,63800,-1071.0799560546875
638,63900,-1199.449951171875
639,64000,-905.8900146484375
640,64100,-1243.8599853515625
641,64200,-973.3099975585938
642,64300,-1030.449951171875
643,64400,-1079.010009765625
644,64500,-1115.780029296875
645,64600,-1022.989990234375
646,64700,-1023.5499877929688
647,64800,-1010.75
648,64900,-963.52001953125
649,65000,-993.8900146484375
650,65100,-1046.8699951171875
651,65200,-1010.8499755859375
652,65300,-1102.93994140625
653,65400,-1010.3400268554688
654,65500,-1092.97998046875
655,65600,-1046.219970703125
656,65700,-1135.760009765625
657,65800,-1037.7099609375
658,65900,-956.280029296875
659,66000,-1055.9599609375
660,66100,-1264.3399658203125
661,66200,-995.5900268554688
662,66300,-1020.6799926757812
663,66400,-1047.5
664,66500,-1014.530029296875
665,66600,-1041.239990234375
666,66700,-926.25
667,66800,-1041.77001953125
668,66900,-910.8800048828125
669,67000,-957.1699829101562
670,67100,-972.3699951171875
671,67200,-1096.1199951171875
672,67300,-1021.5
673,67400,-1008.260009765625
674,67500,-984.5399780273438
675,67600,-950.4400024414062
676,67700,-993.5700073242188
677,67800,-984.4099731445312
678,67900,-966.3200073242188
679,68000,-1021.7899780273438
680,68100,-1166.5899658203125
681,68200,-1102.2900390625
682,68300,-1125.8699951171875
683,68400,-1020.0399780273438
684,68500,-969.5499877929688
685,68600,-974.1300048828125
686,68700,-1061.0999755859375
687,68800,-935.25
688,68900,-951.6099853515625
689,69000,-996.47998046875
690,69100,-1002.0700073242188
691,69200,-1012.030029296875
692,69300,-921.4099731445312
693,69400,-977.030029296875
694,69500,-986.9400024414062
695,69600,-1036.699951171875
696,69700,-943.280029296875
697,69800,-966.1599731445312
698,69900,-1033.3299560546875
699,70000,-1077.239990234375
700,70100,-1022.4000244140625
701,70200,-1030.0699462890625
702,70300,-1055.0
703,70400,-1035.1400146484375
704,70500,-1012.1400146484375
705,70600,-1089.050048828125
706,70700,-979.8499755859375
707,70800,-942.77001953125
708,70900,-975.010009765625
709,71000,-975.239990234375
710,71100,-954.1799926757812
711,71200,-1020.3400268554688
712,71300,-997.969970703125
713,71400,-966.2000122070312
714,71500,-956.5900268554688
715,71600,-1043.9300537109375
716,71700,-900.6099853515625
717,71800,-954.6900024414062
718,71900,-990.530029296875
719,72000,-1039.280029296875
720,72100,-1027.8299560546875
721,72200,-976.6099853515625
722,72300,-950.9099731445312
723,72400,-918.4000244140625
724,72500,-991.4400024414062
725,72600,-1010.47998046875
726,72700,-1024.6400146484375
727,72800,-1078.9300537109375
728,72900,-969.6400146484375
729,73000,-956.3400268554688
730,73100,-937.72998046875
731,73200,-900.0
732,73300,-1021.3400268554688
733,73400,-964.8300170898438
734,73500,-942.72998046875
735,73600,-912.77001953125
736,73700,-942.969970703125
737,73800,-1139.199951171875
738,73900,-964.6199951171875
739,74000,-954.4099731445312
740,74100,-1080.68994140625
741,74200,-969.2999877929688
742,74300,-1080.68994140625
743,74400,-1119.31005859375
744,74500,-931.3699951171875
745,74600,-929.0399780273438
746,74700,-911.4099731445312
747,74800,-928.75
748,74900,-1017.3400268554688
749,75000,-916.4099731445312
750,75100,-1027.18994140625
751,75200,-931.989990234375
752,75300,-927.72998046875
753,75400,-989.739990234375
754,75500,-965.8200073242188
755,75600,-1024.0899658203125
756,75700,-1061.9300537109375
757,75800,-990.5
758,75900,-969.72998046875
759,76000,-1105.3399658203125
760,76100,-1009.8499755859375
761,76200,-1080.0699462890625
762,76300,-1013.780029296875
763,76400,-1010.0800170898438
764,76500,-1104.0799560546875
765,76600,-966.0700073242188
766,76700,-980.9099731445312
767,76800,-934.3599853515625
768,76900,-961.5800170898438
769,77000,-1111.3499755859375
770,77100,-1092.8900146484375
771,77200,-951.989990234375
772,77300,-918.9099731445312
773,77400,-920.27001953125
774,77500,-995.7999877929688
775,77600,-996.3699951171875
776,77700,-1007.7000122070312
777,77800,-958.8499755859375
778,77900,-965.8800048828125
779,78000,-966.739990234375
780,78100,-991.239990234375
781,78200,-924.9400024414062
782,78300,-1077.300048828125
783,78400,-935.6099853515625
784,78500,-885.5
785,78600,-971.97998046875
786,78700,-914.760009765625
787,78800,-920.3699951171875
788,78900,-1019.7899780273438
789,79000,-953.0700073242188
790,79100,-1009.030029296875
791,79200,-996.8099975585938
792,79300,-1084.5
793,79400,-993.8900146484375
794,79500,-1054.510009765625
795,79600,-1004.6699829101562
796,79700,-973.3300170898438
797,79800,-957.5900268554688
798,79900,-1010.9099731445312
799,80000,-931.260009765625
800,80100,-1012.02001953125
801,80200,-1046.3900146484375
802,80300,-945.8200073242188
803,80400,-956.27001953125
804,80500,-1044.93994140625
805,80600,-903.5399780273438
806,80700,-1008.719970703125
807,80800,-1024.68994140625
808,80900,-1005.8599853515625
809,81000,-988.969970703125
810,81100,-958.4400024414062
811,81200,-1042.8900146484375
812,81300,-1011.6500244140625
813,81400,-942.6599731445312
814,81500,-935.3099975585938
815,81600,-959.9299926757812
816,81700,-940.27001953125
817,81800,-993.530029296875
818,81900,-1021.7999877929688
819,82000,-975.2899780273438
820,82100,-961.4299926757812
821,82200,-867.0399780273438
822,82300,-957.6799926757812
823,82400,-996.7899780273438
824,82500,-1129.3299560546875
825,82600,-922.1900024414062
826,82700,-913.8300170898438
827,82800,-906.5900268554688
828,82900,-1075.31005859375
829,83000,-1019.5399780273438
830,83100,-958.0399780273438
831,83200,-937.9099731445312
832,83300,-990.010009765625
833,83400,-1036.1199951171875
834,83500,-1032.9599609375
835,83600,-991.75
836,83700,-953.9000244140625
837,83800,-903.3300170898438
838,83900,-1008.3099975585938
839,84000,-1005.5700073242188
840,84100,-930.8599853515625
841,84200,-978.3499755859375
842,84300,-1022.3599853515625
843,84400,-950.8800048828125
844,84500,-1017.489990234375
845,84600,-963.4500122070312
846,84700,-998.3599853515625
847,84800,-1125.8399658203125
848,84900,-894.77001953125
849,85000,-1014.3200073242188
850,85100,-875.0800170898438
851,85200,-1022.47998046875
852,85300,-924.77001953125
853,85400,-902.7000122070312
854,85500,-963.75
855,85600,-977.6699829101562
856,85700,-880.77001953125
857,85800,-968.1699829101562
858,85900,-964.8599853515625
859,86000,-1002.7100219726562
860,86100,-921.3599853515625
861,86200,-947.3599853515625
862,86300,-955.030029296875
863,86400,-917.9400024414062
864,86500,-995.2000122070312
865,86600,-913.719970703125
866,86700,-948.9199829101562
867,86800,-912.280029296875
868,86900,-932.8699951171875
869,87000,-926.6099853515625
870,87100,-896.9600219726562
871,87200,-882.8599853515625
872,87300,-952.8800048828125
873,87400,-985.5499877929688
874,87500,-893.3699951171875
875,87600,-858.030029296875
876,87700,-925.0700073242188
877,87800,-980.3900146484375
878,87900,-1051.3499755859375
879,88000,-939.8300170898438
880,88100,-868.0800170898438
881,88200,-1004.2100219726562
882,88300,-922.77001953125
883,88400,-965.3200073242188
884,88500,-942.4299926757812
885,88600,-1011.8200073242188
886,88700,-891.4299926757812
887,88800,-903.7899780273438
888,88900,-831.2100219726562
889,89000,-919.5499877929688
890,89100,-1051.4200439453125
891,89200,-891.0700073242188
892,89300,-1001.0800170898438
893,89400,-925.1300048828125
894,89500,-950.4199829101562
895,89600,-959.7000122070312
896,89700,-947.9500122070312
897,89800,-976.1099853515625
898,89900,-885.72998046875
899,90000,-945.5399780273438
900,90100,-989.9000244140625
901,90200,-1005.75
902,90300,-909.7100219726562
903,90400,-922.47998046875
904,90500,-1012.9500122070312
905,90600,-903.280029296875
906,90700,-909.8900146484375
907,90800,-928.969970703125
908,90900,-863.1300048828125
909,91000,-903.2000122070312
910,91100,-993.989990234375
911,91200,-950.510009765625
912,91300,-903.4500122070312
913,91400,-859.72998046875
914,91500,-980.0399780273438
915,91600,-953.5800170898438
916,91700,-884.4000244140625
917,91800,-984.9299926757812
918,91900,-976.4500122070312
919,92000,-890.5800170898438
920,92100,-1024.239990234375
921,92200,-911.47998046875
922,92300,-947.0900268554688
923,92400,-964.9500122070312
924,92500,-932.4400024414062
925,92600,-1006.5800170898438
926,92700,-840.7000122070312
927,92800,-926.8800048828125
928,92900,-863.5499877929688
929,93000,-922.8200073242188
930,93100,-1003.6400146484375
931,93200,-899.1900024414062
932,93300,-1215.469970703125
933,93400,-951.3900146484375
934,93500,-978.75
935,93600,-991.4600219726562
936,93700,-899.260009765625
937,93800,-1051.0799560546875
938,93900,-894.25
939,94000,-939.3400268554688
940,94100,-944.7000122070312
941,94200,-929.4500122070312
942,94300,-907.8300170898438
943,94400,-979.9600219726562
944,94500,-1004.3599853515625
945,94600,-980.5599975585938
946,94700,-921.1900024414062
947,94800,-948.1099853515625
948,94900,-968.3800048828125
949,95000,-924.760009765625
950,95100,-1029.699951171875
951,95200,-968.1099853515625
952,95300,-1003.2100219726562
953,95400,-891.4600219726562
954,95500,-986.5999755859375
955,95600,-1009.0800170898438
956,95700,-931.1699829101562
957,95800,-926.5900268554688
958,95900,-907.9500122070312
959,96000,-867.9199829101562
960,96100,-894.239990234375
961,96200,-917.7100219726562
962,96300,-912.969970703125
963,96400,-984.9199829101562
964,96500,-898.2100219726562
965,96600,-968.469970703125
966,96700,-867.7899780273438
967,96800,-998.780029296875
968,96900,-932.22998046875
969,97000,-888.8099975585938
970,97100,-937.010009765625
971,97200,-981.6799926757812
972,97300,-1029.1199951171875
973,97400,-967.1900024414062
974,97500,-908.0499877929688
975,97600,-926.1300048828125
976,97700,-1009.0599975585938
977,97800,-1041.4300537109375
978,97900,-969.02001953125
979,98000,-904.6400146484375
980,98100,-876.9299926757812
981,98200,-942.280029296875
982,98300,-955.510009765625
983,98400,-1029.489990234375
984,98500,-905.47998046875
985,98600,-1009.1900024414062
986,98700,-868.5700073242188
987,98800,-938.0800170898438
988,98900,-949.1599731445312
989,99000,-916.530029296875
990,99100,-901.760009765625
991,99200,-915.2999877929688
992,99300,-1097.06005859375
993,99400,-874.97998046875
994,99500,-1041.510009765625
995,99600,-866.7899780273438
996,99700,-889.739990234375
997,99800,-963.5
998,99900,-1018.4199829101562
999,100000,-1076.0699462890625
1000,100100,-839.3499755859375
1001,100200,-948.3400268554688
1002,100300,-954.219970703125
1003,100400,-954.3599853515625
1004,100500,-947.2899780273438
1005,100600,-866.989990234375
1006,100700,-927.0999755859375
1007,100800,-918.219970703125
1008,100900,-950.1099853515625
1009,101000,-1036.219970703125
1010,101100,-894.4400024414062
1011,101200,-889.3400268554688
1012,101300,-910.25
1013,101400,-1066.22998046875
1014,101500,-888.9199829101562
1015,101600,-924.6400146484375
1016,101700,-966.5700073242188
1017,101800,-1039.1800537109375
1018,101900,-905.7899780273438
1019,102000,-916.5900268554688
1020,102100,-887.1199951171875
1021,102200,-926.260009765625
1022,102300,-974.2000122070312
1023,102400,-947.6500244140625
1024,102500,-918.72998046875
1025,102600,-928.75
1026,102700,-913.0599975585938
1027,102800,-881.0700073242188
1028,102900,-923.6599731445312
1029,103000,-869.530029296875
1030,103100,-981.0700073242188
1031,103200,-864.2899780273438
1032,103300,-1007.1900024414062
1033,103400,-878.2899780273438
1034,103500,-920.4400024414062
1035,103600,-1119.8399658203125
1036,103700,-927.3900146484375
1037,103800,-975.8699951171875
1038,103900,-1015.3699951171875
1039,104000,-974.8099975585938
1040,104100,-986.1099853515625
1041,104200,-921.3900146484375
1042,104300,-969.7999877929688
1043,104400,-1045.1400146484375
1044,104500,-905.52001953125
1045,104600,-891.75
1046,104700,-1004.3099975585938
1047,104800,-855.280029296875
1048,104900,-950.1900024414062
1049,105000,-867.1900024414062
1050,105100,-910.52001953125
1051,105200,-876.0
1052,105300,-984.2899780273438
1053,105400,-904.5
1054,105500,-890.02001953125
1055,105600,-994.8499755859375
1056,105700,-867.4400024414062
1057,105800,-902.4199829101562
1058,105900,-962.739990234375
1059,106000,-1073.469970703125
1060,106100,-922.4099731445312
1061,106200,-923.4099731445312
1062,106300,-957.3099975585938
1063,106400,-931.9500122070312
1064,106500,-928.1599731445312
1065,106600,-873.27001953125
1066,106700,-918.260009765625
1067,106800,-900.9199829101562
1068,106900,-970.1199951171875
1069,107000,-953.030029296875
1070,107100,-939.3099975585938
1071,107200,-978.8300170898438
1072,107300,-927.6599731445312
1073,107400,-849.9099731445312
1074,107500,-963.1799926757812
1075,107600,-1012.8800048828125
1076,107700,-1003.1400146484375
1077,107800,-988.1599731445312
1078,107900,-955.8300170898438
1079,108000,-1043.6800537109375
1080,108100,-866.5499877929688
1081,108200,-891.2999877929688
1082,108300,-950.5599975585938
1083,108400,-905.2100219726562
1084,108500,-872.969970703125
1085,108600,-943.9000244140625
1086,108700,-911.6400146484375
1087,108800,-975.219970703125
1088,108900,-887.5900268554688
1089,109000,-964.8699951171875
1090,109100,-881.6799926757812
1091,109200,-937.239990234375
1092,109300,-960.1699829101562
1093,109400,-915.8900146484375
1094,109500,-880.27001953125
1095,109600,-969.0499877929688
1096,109700,-1010.22998046875
1097,109800,-911.010009765625
1098,109900,-955.4500122070312
1099,110000,-908.8400268554688
1100,110100,-923.3300170898438
1101,110200,-989.8300170898438
1102,110300,-916.6699829101562
1103,110400,-875.260009765625
1104,110500,-907.75
1105,110600,-976.1199951171875
1106,110700,-1052.18994140625
1107,110800,-958.0900268554688
1108,110900,-899.97998046875
1109,111000,-924.260009765625
1110,111100,-950.6099853515625
1111,111200,-889.5700073242188
1112,111300,-956.9400024414062
1113,111400,-1135.56005859375
1114,111500,-969.5
1115,111600,-909.2100219726562
1116,111700,-856.97998046875
1117,111800,-932.3599853515625
1118,111900,-833.4199829101562
1119,112000,-885.1500244140625
1120,112100,-978.1900024414062
1121,112200,-980.260009765625
1122,112300,-835.47998046875
1123,112400,-881.0499877929688
1124,112500,-890.010009765625
1125,112600,-883.7100219726562
1126,112700,-875.8099975585938
1127,112800,-972.9400024414062
1128,112900,-897.6199951171875
1129,113000,-848.0499877929688
1130,113100,-958.6699829101562
1131,113200,-848.4600219726562
1132,113300,-952.0900268554688
1133,113400,-821.4299926757812
1134,113500,-956.4400024414062
1135,113600,-869.6900024414062
1136,113700,-877.8499755859375
1137,113800,-847.0
1138,113900,-987.97998046875
1139,114000,-910.1799926757812
1140,114100,-928.6699829101562
1141,114200,-932.0999755859375
1142,114300,-1008.4600219726562
1143,114400,-897.030029296875
1144,114500,-1007.8699951171875
1145,114600,-847.7999877929688
1146,114700,-952.2899780273438
1147,114800,-876.0599975585938
1148,114900,-958.4199829101562
1149,115000,-923.7000122070312
1150,115100,-957.75
1151,115200,-980.1699829101562
1152,115300,-923.0800170898438
1153,115400,-876.4400024414062
1154,115500,-932.989990234375
1155,115600,-896.2999877929688
1156,115700,-909.7100219726562
1157,115800,-890.0900268554688
1158,115900,-860.0999755859375
1159,116000,-975.0999755859375
1160,116100,-898.010009765625
1161,116200,-866.1699829101562
1162,116300,-930.0599975585938
1163,116400,-869.4600219726562
1164,116500,-898.9199829101562
1165,116600,-975.3699951171875
1166,116700,-866.6500244140625
1167,116800,-884.5700073242188
1168,116900,-930.75
1169,117000,-994.1500244140625
1170,117100,-988.0
1171,117200,-927.989990234375
1172,117300,-945.02001953125
1173,117400,-869.8900146484375
1174,117500,-898.2000122070312
1175,117600,-882.1699829101562
1176,117700,-898.780029296875
1177,117800,-932.9299926757812
1178,117900,-900.719970703125
1179,118000,-923.5499877929688
1180,118100,-850.780029296875
1181,118200,-974.0599975585938
1182,118300,-1044.9200439453125
1183,118400,-956.3699951171875
1184,118500,-888.4299926757812
1185,118600,-892.2999877929688
1186,118700,-886.6500244140625
1187,118800,-956.6199951171875
1188,118900,-908.52001953125
1189,119000,-981.8599853515625
1190,119100,-961.0
1191,119200,-1017.3599853515625
1192,119300,-908.5999755859375
1193,119400,-866.280029296875
1194,119500,-966.3900146484375
1195,119600,-975.5900268554688
1196,119700,-907.3099975585938
1197,119800,-948.1900024414062
1198,119900,-885.8800048828125
1199,120000,-971.6500244140625
1200,120100,-878.6799926757812
1201,120200,-937.0999755859375
1202,120300,-910.6099853515625
1203,120400,-861.760009765625
1204,120500,-951.3300170898438
1205,120600,-867.3300170898438
1206,120700,-857.0399780273438
1207,120800,-906.27001953125
1208,120900,-925.010009765625
1209,121000,-885.6599731445312
1210,121100,-929.6699829101562
1211,121200,-913.989990234375
1212,121300,-897.6699829101562
1213,121400,-872.22998046875
1214,121500,-966.52001953125
1215,121600,-1066.52001953125
1216,121700,-1008.75
1217,121800,-921.2000122070312
1218,121900,-934.7999877929688
1219,122000,-836.6599731445312
1220,122100,-928.780029296875
1221,122200,-969.8900146484375
1222,122300,-860.8300170898438
1223,122400,-907.0900268554688
1224,122500,-867.6599731445312
1225,122600,-852.3099975585938
1226,122700,-930.3400268554688
1227,122800,-898.510009765625
1228,122900,-838.8400268554688
1229,123000,-913.9299926757812
1230,123100,-995.6599731445312
1231,123200,-880.3900146484375
1232,123300,-854.0800170898438
1233,123400,-988.4299926757812
1234,123500,-814.0800170898438
1235,123600,-914.010009765625
1236,123700,-821.5800170898438
1237,123800,-950.5900268554688
1238,123900,-905.1099853515625
1239,124000,-957.0900268554688
1240,124100,-833.7899780273438
1241,124200,-980.4500122070312
1242,124300,-900.760009765625
1243,124400,-929.6699829101562
1244,124500,-842.6599731445312
1245,124600,-894.3099975585938
1246,124700,-926.5599975585938
1247,124800,-1012.0399780273438
1248,124900,-893.97998046875
1249,125000,-872.1699829101562
1250,125100,-860.7000122070312
1251,125200,-913.52001953125
1252,125300,-879.4400024414062
1253,125400,-888.6599731445312
1254,125500,-860.9600219726562
1255,125600,-963.3200073242188
1256,125700,-899.3699951171875
1257,125800,-889.969970703125
1258,125900,-801.8300170898438
1259,126000,-880.530029296875
1260,126100,-825.6500244140625
1261,126200,-937.7000122070312
1262,126300,-923.5800170898438
1263,126400,-941.1400146484375
1264,126500,-938.5499877929688
1265,126600,-1011.9299926757812
1266,126700,-962.1400146484375
1267,126800,-852.8099975585938
1268,126900,-852.3300170898438
1269,127000,-934.489990234375
1270,127100,-865.010009765625
1271,127200,-934.6900024414062
1272,127300,-881.7100219726562
1273,127400,-904.489990234375
1274,127500,-971.9199829101562
1275,127600,-863.780029296875
1276,127700,-891.52001953125
1277,127800,-905.7999877929688
1278,127900,-896.7100219726562
1279,128000,-888.9099731445312
1280,128100,-875.75
1281,128200,-954.8900146484375
1282,128300,-925.8099975585938
1283,128400,-955.8900146484375
1284,128500,-825.3699951171875
1285,128600,-898.5
1286,128700,-878.3099975585938
1287,128800,-863.6199951171875
1288,128900,-898.9400024414062
1289,129000,-842.2999877929688
1290,129100,-1112.280029296875
1291,129200,-872.2000122070312
1292,129300,-885.7999877929688
1293,129400,-886.0599975585938
1294,129500,-873.6400146484375
1295,129600,-953.3400268554688
1296,129700,-904.77001953125
1297,129800,-920.02001953125
1298,129900,-938.9299926757812
1299,130000,-865.7999877929688
1300,130100,-893.22998046875
1301,130200,-927.8599853515625
1302,130300,-887.469970703125
1303,130400,-896.1500244140625
1304,130500,-840.0800170898438
1305,130600,-862.1400146484375
1306,130700,-859.9500122070312
1307,130800,-848.7100219726562
1308,130900,-811.6500244140625
1309,131000,-852.1699829101562
1310,131100,-832.510009765625
1311,131200,-953.3800048828125
1312,131300,-937.7899780273438
1313,131400,-908.5499877929688
1314,131500,-840.8499755859375
1315,131600,-864.989990234375
1316,131700,-1071.989990234375
1317,131800,-849.3499755859375
1318,131900,-873.5900268554688
1319,132000,-907.9000244140625
1320,132100,-953.719970703125
1321,132200,-845.1500244140625
1322,132300,-841.4600219726562
1323,132400,-890.6799926757812
1324,132500,-977.9299926757812
1325,132600,-831.010009765625
1326,132700,-903.0
1327,132800,-936.0700073242188
1328,132900,-832.0700073242188
1329,133000,-929.0399780273438
1330,133100,-1024.3499755859375
1331,133200,-896.2000122070312
1332,133300,-911.760009765625
1333,133400,-963.7100219726562
1334,133500,-989.6699829101562
1335,133600,-912.3900146484375
1336,133700,-890.4500122070312
1337,133800,-875.1099853515625
1338,133900,-947.219970703125
1339,134000,-898.4000244140625
1340,134100,-1025.81005859375
1341,134200,-884.4400024414062
1342,134300,-952.1400146484375
1343,134400,-911.8699951171875
1344,134500,-942.6599731445312
1345,134600,-950.52001953125
1346,134700,-900.5599975585938
1347,134800,-891.0399780273438
1348,134900,-898.760009765625
1349,135000,-886.3200073242188
1350,135100,-900.3400268554688
1351,135200,-890.2000122070312
1352,135300,-907.52001953125
1353,135400,-889.4000244140625
1354,135500,-947.0499877929688
1355,135600,-904.8900146484375
1356,135700,-973.4199829101562
1357,135800,-876.489990234375
1358,135900,-862.5399780273438
1359,136000,-887.7899780273438
1360,136100,-903.3200073242188
1361,136200,-865.8200073242188
1362,136300,-893.510009765625
1363,136400,-897.530029296875
1364,136500,-904.8400268554688
1365,136600,-925.9500122070312
1366,136700,-860.5499877929688
1367,136800,-931.22998046875
1368,136900,-854.4600219726562
1369,137000,-880.7000122070312
1370,137100,-929.239990234375
1371,137200,-910.4299926757812
1372,137300,-884.1099853515625
1373,137400,-922.4600219726562
1374,137500,-911.3099975585938
1375,137600,-818.3300170898438
1376,137700,-851.6300048828125
1377,137800,-889.6099853515625
1378,137900,-945.6400146484375
1379,138000,-869.6599731445312
1380,138100,-986.530029296875
1381,138200,-929.260009765625
1382,138300,-832.6300048828125
1383,138400,-840.02001953125
1384,138500,-915.2100219726562
1385,138600,-803.0800170898438
1386,138700,-911.4600219726562
1387,138800,-1128.050048828125
1388,138900,-851.510009765625
1389,139000,-875.8400268554688
1390,139100,-911.6900024414062
1391,139200,-989.2999877929688
1392,139300,-934.8800048828125
1393,139400,-947.4099731445312
1394,139500,-862.97998046875
1395,139600,-956.2999877929688
1396,139700,-1000.8200073242188
1397,139800,-851.77001953125
1398,139900,-898.3200073242188
1399,140000,-941.489990234375
1400,140100,-955.4400024414062
1401,140200,-895.0
1402,140300,-918.4099731445312
1403,140400,-914.9000244140625
1404,140500,-912.6900024414062
1405,140600,-881.8800048828125
1406,140700,-921.6599731445312
1407,140800,-884.47998046875
1408,140900,-869.6599731445312
1409,141000,-873.780029296875
1410,141100,-885.6099853515625
1411,141200,-854.4199829101562
1412,141300,-887.6400146484375
1413,141400,-861.9199829101562
1414,141500,-892.739990234375
1415,141600,-943.2899780273438
1416,141700,-917.3900146484375
1417,141800,-889.72998046875
1418,141900,-884.719970703125
1419,142000,-868.4600219726562
1420,142100,-860.6300048828125
1421,142200,-975.010009765625
1422,142300,-945.7100219726562
1423,142400,-869.6199951171875
1424,142500,-901.5700073242188
1425,142600,-897.260009765625
1426,142700,-900.6199951171875
1427,142800,-856.1799926757812
1428,142900,-923.3400268554688
1429,143000,-896.3599853515625
1430,143100,-830.7899780273438
1431,143200,-818.8200073242188
1432,143300,-901.27001953125
1433,143400,-863.280029296875
1434,143500,-935.7000122070312
1435,143600,-946.510009765625
1436,143700,-850.1400146484375
1437,143800,-834.7999877929688
1438,143900,-996.6300048828125
1439,144000,-856.0800170898438
1440,144100,-920.510009765625
1441,144200,-903.0399780273438
1442,144300,-847.280029296875
1443,144400,-912.7999877929688
1444,144500,-906.8900146484375
1445,144600,-821.8400268554688
1446,144700,-909.469970703125
1447,144800,-924.2000122070312
1448,144900,-929.9400024414062
1449,145000,-936.5399780273438
1450,145100,-924.010009765625
1451,145200,-895.3599853515625
1452,145300,-948.52001953125
1453,145400,-923.6799926757812
1454,145500,-917.239990234375
1455,145600,-906.5999755859375
1456,145700,-965.6599731445312
1457,145800,-890.8099975585938
1458,145900,-921.8099975585938
1459,146000,-850.4400024414062
1460,146100,-915.3400268554688
1461,146200,-878.4000244140625
1462,146300,-915.9500122070312
1463,146400,-846.4299926757812
1464,146500,-863.969970703125
1465,146600,-866.1599731445312
1466,146700,-882.239990234375
1467,146800,-910.4500122070312
1468,146900,-924.2000122070312
1469,147000,-863.97998046875
1470,147100,-852.3499755859375
1471,147200,-896.25
1472,147300,-906.3200073242188
1473,147400,-895.1699829101562
1474,147500,-839.2899780273438
1475,147600,-876.4500122070312
1476,147700,-890.0800170898438
1477,147800,-855.5599975585938
1478,147900,-907.489990234375
1479,148000,-1126.800048828125
1480,148100,-904.5900268554688
1481,148200,-856.8099975585938
1482,148300,-843.5700073242188
1483,148400,-786.8400268554688
1484,148500,-974.8800048828125
1485,148600,-989.3099975585938
1486,148700,-935.239990234375
1487,148800,-962.510009765625
1488,148900,-977.030029296875
1489,149000,-871.0800170898438
1490,149100,-865.8800048828125
1491,149200,-890.9000244140625
1492,149300,-857.97998046875
1493,149400,-889.4199829101562
1494,149500,-947.489990234375
1495,149600,-980.1400146484375
1496,149700,-879.1099853515625
1497,149800,-1033.8699951171875
1498,149900,-833.7100219726562
1499,150000,-977.989990234375
1500,150100,-838.3699951171875
1501,150200,-883.0800170898438
1502,150300,-885.0399780273438
1503,150400,-912.5
1504,150500,-947.1500244140625
1505,150600,-886.6199951171875
1506,150700,-837.27001953125
1507,150800,-823.5700073242188
1508,150900,-968.6699829101562
1509,151000,-846.239990234375
1510,151100,-1004.97998046875
1511,151200,-863.3699951171875
1512,151300,-903.239990234375
1513,151400,-899.8099975585938
1514,151500,-879.6199951171875
1515,151600,-845.5700073242188
1516,151700,-947.969970703125
1517,151800,-957.4600219726562
1518,151900,-870.9299926757812
1519,152000,-901.22998046875
1520,152100,-848.1500244140625
1521,152200,-927.989990234375
1522,152300,-916.1599731445312
1523,152400,-880.489990234375
1524,152500,-873.6900024414062
1525,152600,-880.219970703125
1526,152700,-948.1599731445312
1527,152800,-895.280029296875
1528,152900,-907.3900146484375
1529,153000,-855.4199829101562
1530,153100,-834.719970703125
1531,153200,-883.22998046875
1532,153300,-850.8699951171875
1533,153400,-819.77001953125
1534,153500,-846.8300170898438
1535,153600,-850.1400146484375
1536,153700,-890.2000122070312
1537,153800,-865.7899780273438
1538,153900,-931.0399780273438
1539,154000,-860.4199829101562
1540,154100,-879.6699829101562
1541,154200,-909.9600219726562
1542,154300,-824.72998046875
1543,154400,-860.4199829101562
1544,154500,-845.47998046875
1545,154600,-985.530029296875
1546,154700,-924.1900024414062
1547,154800,-812.02001953125
1548,154900,-889.010009765625
1549,155000,-823.6900024414062
1550,155100,-849.5800170898438
1551,155200,-895.239990234375
1552,155300,-969.6599731445312
1553,155400,-828.6099853515625
1554,155500,-798.3099975585938
1555,155600,-867.989990234375
1556,155700,-870.4500122070312
1557,155800,-875.22998046875
1558,155900,-848.510009765625
1559,156000,-805.8499755859375
1560,156100,-906.3499755859375
1561,156200,-836.969970703125
1562,156300,-830.25
1563,156400,-848.8599853515625
1564,156500,-892.739990234375
1565,156600,-844.9299926757812
1566,156700,-879.510009765625
1567,156800,-846.239990234375
1568,156900,-832.5999755859375
1569,157000,-860.3900146484375
1570,157100,-944.7899780273438
1571,157200,-878.5800170898438
1572,157300,-813.010009765625
1573,157400,-801.719970703125
1574,157500,-853.5599975585938
1575,157600,-858.280029296875
1576,157700,-1039.5799560546875
1577,157800,-856.3499755859375
1578,157900,-1022.77001953125
1579,158000,-849.3900146484375
1580,158100,-999.9400024414062
1581,158200,-1002.22998046875
1582,158300,-894.47998046875
1583,158400,-870.969970703125
1584,158500,-927.8300170898438
1585,158600,-867.5999755859375
1586,158700,-859.8699951171875
1587,158800,-855.52001953125
1588,158900,-839.0499877929688
1589,159000,-892.8200073242188
1590,159100,-844.1199951171875
1591,159200,-833.0
1592,159300,-894.280029296875
1593,159400,-885.010009765625
1594,159500,-847.280029296875
1595,159600,-932.3300170898438
1596,159700,-863.9199829101562
1597,159800,-857.0700073242188
1598,159900,-880.8499755859375
1599,160000,-880.219970703125
1600,160100,-955.5399780273438
1601,160200,-859.5999755859375
1602,160300,-887.77001953125
1603,160400,-904.530029296875
1604,160500,-890.4600219726562
1605,160600,-836.8099975585938
1606,160700,-856.8099975585938
1607,160800,-888.739990234375
1608,160900,-844.5399780273438
1609,161000,-881.7999877929688
1610,161100,-805.780029296875
1611,161200,-856.030029296875
1612,161300,-927.3599853515625
1613,161400,-832.1900024414062
1614,161500,-861.8300170898438
1615,161600,-894.8900146484375
1616,161700,-826.4199829101562
1617,161800,-806.1199951171875
1618,161900,-861.5900268554688
1619,162000,-783.5399780273438
1620,162100,-818.27001953125
1621,162200,-904.7999877929688
1622,162300,-837.9600219726562
1623,162400,-830.0
1624,162500,-853.719970703125
1625,162600,-906.5700073242188
1626,162700,-969.2000122070312
1627,162800,-850.510009765625
1628,162900,-772.2999877929688
1629,163000,-905.239990234375
1630,163100,-839.3900146484375
1631,163200,-1072.050048828125
1632,163300,-893.47998046875
1633,163400,-949.989990234375
1634,163500,-899.6699829101562
1635,163600,-819.6300048828125
1636,163700,-893.3800048828125
1637,163800,-890.8099975585938
1638,163900,-889.489990234375
1639,164000,-776.3099975585938
1640,164100,-878.510009765625
1641,164200,-845.989990234375
1642,164300,-838.0399780273438
1643,164400,-845.8499755859375
1644,164500,-952.4600219726562
1645,164600,-934.2999877929688
1646,164700,-828.4299926757812
1647,164800,-892.7999877929688
1648,164900,-815.9299926757812
1649,165000,-852.5800170898438
1650,165100,-939.0700073242188
1651,165200,-809.9500122070312
1652,165300,-845.9500122070312
1653,165400,-838.6199951171875
1654,165500,-940.52001953125
1655,165600,-797.6199951171875
1656,165700,-842.219970703125
1657,165800,-880.1300048828125
1658,165900,-861.4400024414062
1659,166000,-857.219970703125
1660,166100,-888.8400268554688
1661,166200,-883.9500122070312
1662,166300,-927.510009765625
1663,166400,-865.5999755859375
1664,166500,-835.1799926757812
1665,166600,-781.2100219726562
1666,166700,-986.1799926757812
1667,166800,-896.219970703125
1668,166900,-838.030029296875
1669,167000,-881.010009765625
1670,167100,-829.239990234375
1671,167200,-885.5
1672,167300,-798.22998046875
1673,167400,-893.8599853515625
1674,167500,-904.8400268554688
1675,167600,-807.219970703125
1676,167700,-851.0599975585938
1677,167800,-791.2000122070312
1678,167900,-908.1099853515625
1679,168000,-825.4000244140625
1680,168100,-900.2899780273438
1681,168200,-840.77001953125
1682,168300,-923.3499755859375
1683,168400,-897.1099853515625
1684,168500,-914.1199951171875
1685,168600,-794.3800048828125
1686,168700,-849.0700073242188
1687,168800,-978.8699951171875
1688,168900,-931.5900268554688
1689,169000,-800.780029296875
1690,169100,-845.9500122070312
1691,169200,-855.969970703125
1692,169300,-894.5700073242188
1693,169400,-842.8499755859375
1694,169500,-965.8499755859375
1695,169600,-856.6199951171875
1696,169700,-855.4600219726562
1697,169800,-839.5
1698,169900,-920.9500122070312
1699,170000,-855.489990234375
1700,170100,-873.739990234375
1701,170200,-882.1099853515625
1702,170300,-874.530029296875
1703,170400,-840.030029296875
1704,170500,-833.3300170898438
1705,170600,-846.4400024414062
1706,170700,-967.1500244140625
1707,170800,-898.9500122070312
1708,170900,-932.6500244140625
1709,171000,-903.8900146484375
1710,171100,-872.7100219726562
1711,171200,-871.6699829101562
1712,171300,-921.9600219726562
1713,171400,-852.5399780273438
1714,171500,-836.5900268554688
1715,171600,-849.3900146484375
1716,171700,-834.97998046875
1717,171800,-950.4099731445312
1718,171900,-889.489990234375
1719,172000,-917.6099853515625
1720,172100,-859.3300170898438
1721,172200,-819.469970703125
1722,172300,-846.0599975585938
1723,172400,-905.4099731445312
1724,172500,-879.719970703125
1725,172600,-845.9000244140625
1726,172700,-820.4099731445312
1727,172800,-843.6900024414062
1728,172900,-1099.5400390625
1729,173000,-888.3499755859375
1730,173100,-872.4400024414062
1731,173200,-889.5
1732,173300,-935.5800170898438
1733,173400,-880.8099975585938
1734,173500,-860.2999877929688
1735,173600,-861.3099975585938
1736,173700,-875.47998046875
1737,173800,-859.8699951171875
1738,173900,-875.9000244140625
1739,174000,-819.4000244140625
1740,174100,-889.77001953125
1741,174200,-802.9400024414062
1742,174300,-852.9099731445312
1743,174400,-879.4299926757812
1744,174500,-909.3400268554688
1745,174600,-952.2000122070312
1746,174700,-872.2899780273438
1747,174800,-864.510009765625
1748,174900,-877.969970703125
1749,175000,-894.6199951171875
1750,175100,-889.8200073242188
1751,175200,-845.5999755859375
1752,175300,-955.8499755859375
1753,175400,-828.489990234375
1754,175500,-802.2899780273438
1755,175600,-880.1699829101562
1756,175700,-829.8300170898438
1757,175800,-874.1300048828125
1758,175900,-843.4600219726562
1759,176000,-855.1900024414062
1760,176100,-880.6300048828125
1761,176200,-842.6099853515625
1762,176300,-817.72998046875
1763,176400,-865.52001953125
1764,176500,-925.219970703125
1765,176600,-1027.8699951171875
1766,176700,-851.75
1767,176800,-831.530029296875
1768,176900,-899.9600219726562
1769,177000,-859.0900268554688
1770,177100,-934.1599731445312
1771,177200,-835.8599853515625
1772,177300,-904.6699829101562
1773,177400,-820.2100219726562
1774,177500,-837.0999755859375
1775,177600,-810.0999755859375
1776,177700,-816.4299926757812
1777,177800,-931.22998046875
1778,177900,-860.1799926757812
1779,178000,-842.6300048828125
1780,178100,-851.3300170898438
1781,178200,-870.780029296875
1782,178300,-843.6199951171875
1783,178400,-820.2999877929688
1784,178500,-871.3900146484375
1785,178600,-932.27001953125
1786,178700,-844.1799926757812
1787,178800,-870.1099853515625
1788,178900,-800.75
1789,179000,-888.8499755859375
1790,179100,-810.219970703125
1791,179200,-896.1500244140625
1792,179300,-846.739990234375
1793,179400,-751.4000244140625
1794,179500,-877.4500122070312
1795,179600,-798.8699951171875
1796,179700,-856.5900268554688
1797,179800,-873.1400146484375
1798,179900,-980.5900268554688
1799,180000,-941.260009765625
1800,180100,-793.2899780273438
1801,180200,-889.6799926757812
1802,180300,-928.6400146484375
1803,180400,-849.6900024414062
1804,180500,-911.9099731445312
1805,180600,-817.1500244140625
1806,180700,-904.239990234375
1807,180800,-865.969970703125
1808,180900,-768.280029296875
1809,181000,-870.1099853515625
1810,181100,-839.4099731445312
1811,181200,-872.22998046875
1812,181300,-880.6799926757812
1813,181400,-797.0
1814,181500,-862.8599853515625
1815,181600,-890.3300170898438
1816,181700,-969.6599731445312
1817,181800,-859.2899780273438
1818,181900,-790.9099731445312
1819,182000,-785.97998046875
1820,182100,-810.9600219726562
1821,182200,-757.8699951171875
1822,182300,-802.1500244140625
1823,182400,-927.0700073242188
1824,182500,-807.75
1825,182600,-803.1799926757812
1826,182700,-858.1400146484375
1827,182800,-852.0700073242188
1828,182900,-811.3099975585938
1829,183000,-806.280029296875
1830,183100,-942.9199829101562
1831,183200,-986.25
1832,183300,-907.6099853515625
1833,183400,-774.4500122070312
1834,183500,-946.489990234375
1835,183600,-866.6500244140625
1836,183700,-801.0599975585938
1837,183800,-905.989990234375
1838,183900,-838.8699951171875
1839,184000,-823.739990234375
1840,184100,-872.8499755859375
1841,184200,-812.0800170898438
1842,184300,-800.75
1843,184400,-824.0700073242188
1844,184500,-856.1400146484375
1845,184600,-929.1400146484375
1846,184700,-833.3800048828125
1847,184800,-864.9199829101562
1848,184900,-834.4299926757812
1849,185000,-865.0499877929688
1850,185100,-920.739990234375
1851,185200,-819.8499755859375
1852,185300,-872.8900146484375
1853,185400,-839.1599731445312
1854,185500,-888.8800048828125
1855,185600,-836.7000122070312
1856,185700,-846.97998046875
1857,185800,-912.3599853515625
1858,185900,-857.469970703125
1859,186000,-827.5700073242188
1860,186100,-823.219970703125
1861,186200,-854.9000244140625
1862,186300,-879.4199829101562
1863,186400,-822.5900268554688
1864,186500,-835.1400146484375
1865,186600,-831.8499755859375
1866,186700,-836.4099731445312
1867,186800,-782.5399780273438
1868,186900,-846.5700073242188
1869,187000,-780.2999877929688
1870,187100,-891.4299926757812
1871,187200,-824.4600219726562
1872,187300,-845.9600219726562
1873,187400,-895.3599853515625
1874,187500,-856.760009765625
1875,187600,-881.6799926757812
1876,187700,-896.6699829101562
1877,187800,-883.6799926757812
1878,187900,-791.4600219726562
1879,188000,-955.8499755859375
1880,188100,-845.9500122070312
1881,188200,-887.75
1882,188300,-837.5999755859375
1883,188400,-829.4199829101562
1884,188500,-776.6500244140625
1885,188600,-827.72998046875
1886,188700,-851.8400268554688
1887,188800,-798.1699829101562
1888,188900,-814.8300170898438
1889,189000,-912.280029296875
1890,189100,-820.0
1891,189200,-798.2100219726562
1892,189300,-837.719970703125
1893,189400,-857.25
1894,189500,-766.8499755859375
1895,189600,-798.8499755859375
1896,189700,-874.0399780273438
1897,189800,-798.3099975585938
1898,189900,-889.4400024414062
1899,190000,-791.489990234375
1900,190100,-904.4299926757812
1901,190200,-831.6199951171875
1902,190300,-843.0599975585938
1903,190400,-870.4299926757812
1904,190500,-919.3699951171875
1905,190600,-829.22998046875
1906,190700,-743.489990234375
1907,190800,-885.989990234375
1908,190900,-921.6099853515625
1909,191000,-921.6300048828125
1910,191100,-831.6599731445312
1911,191200,-831.8800048828125
1912,191300,-856.5
1913,191400,-802.6900024414062
1914,191500,-908.1599731445312
1915,191600,-836.1400146484375
1916,191700,-873.1099853515625
1917,191800,-830.0700073242188
1918,191900,-841.7999877929688
1919,192000,-846.469970703125
1920,192100,-862.4500122070312
1921,192200,-813.9199829101562
1922,192300,-815.6699829101562
1923,192400,-873.9600219726562
1924,192500,-862.1900024414062
1925,192600,-858.5399780273438
1926,192700,-884.2999877929688
1927,192800,-813.6699829101562
1928,192900,-784.3099975585938
1929,193000,-778.4500122070312
1930,193100,-868.6500244140625
1931,193200,-881.3800048828125
1932,193300,-816.0499877929688
1933,193400,-960.77001953125
1934,193500,-770.77001953125
1935,193600,-902.1199951171875
1936,193700,-774.530029296875
1937,193800,-857.6900024414062
1938,193900,-839.0
1939,194000,-788.3599853515625
1940,194100,-909.4099731445312
1941,194200,-857.0
1942,194300,-911.3800048828125
1943,194400,-887.22998046875
1944,194500,-796.9600219726562
1945,194600,-807.719970703125
1946,194700,-783.010009765625
1947,194800,-860.0599975585938
1948,194900,-873.4600219726562
1949,195000,-879.5900268554688
1950,195100,-825.0700073242188
1951,195200,-881.8099975585938
1952,195300,-818.010009765625
1953,195400,-833.989990234375
1954,195500,-835.7000122070312
1955,195600,-758.6099853515625
1956,195700,-894.6500244140625
1957,195800,-806.239990234375
1958,195900,-840.7000122070312
1959,196000,-865.2999877929688
1960,196100,-825.77001953125
1961,196200,-848.6799926757812
1962,196300,-936.280029296875
1963,196400,-918.4000244140625
1964,196500,-884.969970703125
1965,196600,-847.77001953125
1966,196700,-854.510009765625
1967,196800,-888.6799926757812
1968,196900,-883.0900268554688
1969,197000,-817.2100219726562
1970,197100,-787.2100219726562
1971,197200,-837.280029296875
1972,197300,-854.280029296875
1973,197400,-866.6699829101562
1974,197500,-811.239990234375
1975,197600,-847.5
1976,197700,-841.5399780273438
1977,197800,-941.7000122070312
1978,197900,-856.1599731445312
1979,198000,-853.9500122070312
1980,198100,-868.9000244140625
1981,198200,-866.75
1982,198300,-816.5399780273438
1983,198400,-868.1900024414062
1984,198500,-816.3300170898438
1985,198600,-832.7999877929688
1986,198700,-819.0800170898438
1987,198800,-871.1099853515625
1988,198900,-797.8699951171875
1989,199000,-857.2000122070312
1990,199100,-893.1400146484375
1991,199200,-888.47998046875
1992,199300,-809.0700073242188
1993,199400,-856.4099731445312
1994,199500,-865.47998046875
1995,199600,-889.5499877929688
1996,199700,-876.0800170898438
1997,199800,-815.9099731445312
1998,199900,-821.3900146484375
1999,200000,-869.5
2000,200100,-847.219970703125
2001,200200,-815.8499755859375
2002,200300,-843.8599853515625
2003,200400,-940.6900024414062
2004,200500,-807.8599853515625
2005,200600,-865.7999877929688
2006,200700,-844.719970703125
2007,200800,-891.8300170898438
2008,200900,-801.77001953125
2009,201000,-904.9299926757812
2010,201100,-886.4000244140625
2011,201200,-748.0999755859375
2012,201300,-815.77001953125
2013,201400,-917.030029296875
2014,201500,-817.6599731445312
2015,201600,-800.8699951171875
2016,201700,-855.6400146484375
2017,201800,-782.0800170898438
2018,201900,-886.3400268554688
2019,202000,-815.1900024414062
2020,202100,-798.8200073242188
2021,202200,-811.6599731445312
2022,202300,-845.5599975585938
2023,202400,-867.52001953125
2024,202500,-795.0
2025,202600,-882.3400268554688
2026,202700,-923.7000122070312
2027,202800,-835.0800170898438
2028,202900,-860.1099853515625
2029,203000,-907.2999877929688
2030,203100,-775.1599731445312
2031,203200,-823.739990234375
2032,203300,-848.25
2033,203400,-900.1300048828125
2034,203500,-817.2000122070312
2035,203600,-787.3099975585938
2036,203700,-851.97998046875
2037,203800,-824.3200073242188
2038,203900,-805.760009765625
2039,204000,-894.1699829101562
2040,204100,-832.239990234375
2041,204200,-832.3900146484375
2042,204300,-879.1199951171875
2043,204400,-903.4199829101562
2044,204500,-839.0999755859375
2045,204600,-830.4500122070312
2046,204700,-819.1699829101562
2047,204800,-802.25
2048,204900,-854.469970703125
2049,205000,-832.4400024414062
2050,205100,-898.8400268554688
2051,205200,-845.4500122070312
2052,205300,-830.2899780273438
2053,205400,-806.9500122070312
2054,205500,-834.9400024414062
2055,205600,-820.8400268554688
2056,205700,-871.5599975585938
2057,205800,-799.8400268554688
2058,205900,-851.22998046875
2059,206000,-833.469970703125
2060,206100,-788.9400024414062
2061,206200,-788.77001953125
2062,206300,-783.8400268554688
2063,206400,-891.5499877929688
2064,206500,-831.5999755859375
2065,206600,-770.5499877929688
2066,206700,-824.3800048828125
2067,206800,-759.4600219726562
2068,206900,-789.030029296875
2069,207000,-868.9099731445312
2070,207100,-869.219970703125
2071,207200,-861.4099731445312
2072,207300,-933.3699951171875
2073,207400,-753.7100219726562
2074,207500,-871.739990234375
2075,207600,-864.0
2076,207700,-811.97998046875
2077,207800,-805.9299926757812
2078,207900,-923.9199829101562
2079,208000,-892.8099975585938
2080,208100,-862.9299926757812
2081,208200,-914.5399780273438
2082,208300,-837.0999755859375
2083,208400,-880.6199951171875
2084,208500,-835.97998046875
2085,208600,-838.780029296875
2086,208700,-772.7999877929688
2087,208800,-806.5700073242188
2088,208900,-839.6900024414062
2089,209000,-875.75
2090,209100,-856.510009765625
2091,209200,-782.4099731445312
2092,209300,-826.0599975585938
2093,209400,-869.3499755859375
2094,209500,-889.8800048828125
2095,209600,-861.9400024414062
2096,209700,-870.8099975585938
2097,209800,-823.739990234375
2098,209900,-881.969970703125
2099,210000,-845.0399780273438
2100,210100,-884.4000244140625
2101,210200,-827.3699951171875
2102,210300,-811.4199829101562
2103,210400,-827.4299926757812
2104,210500,-802.780029296875
2105,210600,-847.0499877929688
2106,210700,-826.1300048828125
2107,210800,-806.3699951171875
2108,210900,-842.5
2109,211000,-887.6500244140625
2110,211100,-821.75
2111,211200,-824.1799926757812
2112,211300,-804.7999877929688
2113,211400,-801.27001953125
2114,211500,-826.510009765625
2115,211600,-762.510009765625
2116,211700,-863.4099731445312
2117,211800,-840.97998046875
2118,211900,-895.97998046875
2119,212000,-987.0399780273438
2120,212100,-864.0900268554688
2121,212200,-788.5499877929688
2122,212300,-847.2100219726562
2123,212400,-792.1300048828125
2124,212500,-786.72998046875
2125,212600,-896.3099975585938
2126,212700,-865.8499755859375
2127,212800,-831.7000122070312
2128,212900,-878.219970703125
2129,213000,-801.3499755859375
2130,213100,-850.6300048828125
2131,213200,-835.02001953125
2132,213300,-856.97998046875
2133,213400,-859.2899780273438
2134,213500,-844.6199951171875
2135,213600,-794.6300048828125
2136,213700,-848.6199951171875
2137,213800,-832.719970703125
2138,213900,-866.760009765625
2139,214000,-844.2000122070312
2140,214100,-848.75
2141,214200,-809.5999755859375
2142,214300,-774.3800048828125
2143,214400,-821.8699951171875
2144,214500,-872.3099975585938
2145,214600,-808.3099975585938
2146,214700,-803.469970703125
2147,214800,-768.4099731445312
2148,214900,-839.280029296875
2149,215000,-810.469970703125
2150,215100,-891.510009765625
2151,215200,-789.3800048828125
2152,215300,-827.9500122070312
2153,215400,-794.219970703125
2154,215500,-772.9600219726562
2155,215600,-846.2999877929688
2156,215700,-838.6400146484375
2157,215800,-866.7000122070312
2158,215900,-810.0499877929688
2159,216000,-778.9600219726562
2160,216100,-872.8499755859375
2161,216200,-895.75
2162,216300,-873.47998046875
2163,216400,-832.2899780273438
2164,216500,-835.8599853515625
2165,216600,-820.0700073242188
2166,216700,-906.02001953125
2167,216800,-834.72998046875
2168,216900,-841.2899780273438
2169,217000,-818.7899780273438
2170,217100,-807.25
2171,217200,-784.3599853515625
2172,217300,-875.9000244140625
2173,217400,-806.1900024414062
2174,217500,-789.739990234375
2175,217600,-908.6099853515625
2176,217700,-786.0900268554688
2177,217800,-1007.6500244140625
2178,217900,-798.7999877929688
2179,218000,-818.989990234375
2180,218100,-880.969970703125
2181,218200,-817.010009765625
2182,218300,-797.5999755859375
2183,218400,-867.4000244140625
2184,218500,-892.0800170898438
2185,218600,-840.4099731445312
2186,218700,-825.219970703125
2187,218800,-875.010009765625
2188,218900,-856.6599731445312
2189,219000,-835.7000122070312
2190,219100,-805.5999755859375
2191,219200,-828.0
2192,219300,-921.5800170898438
2193,219400,-859.8200073242188
2194,219500,-822.969970703125
2195,219600,-876.3900146484375
2196,219700,-833.72998046875
2197,219800,-803.030029296875
2198,219900,-788.8099975585938
2199,220000,-856.4500122070312
2200,220100,-947.2999877929688
2201,220200,-772.5999755859375
2202,220300,-812.9600219726562
2203,220400,-889.6300048828125
2204,220500,-816.4600219726562
2205,220600,-841.2000122070312
2206,220700,-809.1400146484375
2207,220800,-838.0900268554688
2208,220900,-854.1699829101562
2209,221000,-794.2999877929688
2210,221100,-762.489990234375
2211,221200,-848.5599975585938
2212,221300,-851.8300170898438
2213,221400,-804.97998046875
2214,221500,-800.6199951171875
2215,221600,-774.97998046875
2216,221700,-827.5700073242188
2217,221800,-789.3699951171875
2218,221900,-823.1799926757812
2219,222000,-800.530029296875
2220,222100,-814.9099731445312
2221,222200,-758.6099853515625
2222,222300,-886.969970703125
2223,222400,-795.3599853515625
2224,222500,-781.239990234375
2225,222600,-812.7000122070312
2226,222700,-791.219970703125
2227,222800,-787.530029296875
2228,222900,-819.8300170898438
2229,223000,-728.47998046875
2230,223100,-871.469970703125
2231,223200,-880.969970703125
2232,223300,-835.7100219726562
2233,223400,-803.6900024414062
2234,223500,-822.8099975585938
2235,223600,-819.6300048828125
2236,223700,-800.9199829101562
2237,223800,-870.0599975585938
2238,223900,-813.510009765625
2239,224000,-783.8800048828125
2240,224100,-819.3900146484375
2241,224200,-813.4299926757812
2242,224300,-806.3699951171875
2243,224400,-837.5
2244,224500,-883.3300170898438
2245,224600,-814.1500244140625
2246,224700,-771.3099975585938
2247,224800,-808.4000244140625
2248,224900,-796.469970703125
2249,225000,-799.6199951171875
2250,225100,-832.5999755859375
2251,225200,-792.780029296875
2252,225300,-798.5599975585938
2253,225400,-806.8300170898438
2254,225500,-815.6400146484375
2255,225600,-856.1099853515625
2256,225700,-756.719970703125
2257,225800,-781.77001953125
2258,225900,-870.739990234375
2259,226000,-842.9099731445312
2260,226100,-869.0599975585938
2261,226200,-991.9000244140625
2262,226300,-972.47998046875
2263,226400,-796.7999877929688
2264,226500,-946.1699829101562
2265,226600,-858.7899780273438
2266,226700,-839.1699829101562
2267,226800,-891.5999755859375
2268,226900,-793.0999755859375
2269,227000,-782.4400024414062
2270,227100,-830.8499755859375
2271,227200,-761.0999755859375
2272,227300,-895.030029296875
2273,227400,-802.030029296875
2274,227500,-792.9400024414062
2275,227600,-792.1799926757812
2276,227700,-835.7899780273438
2277,227800,-794.8400268554688
2278,227900,-774.52001953125
2279,228000,-852.760009765625
2280,228100,-795.9299926757812
2281,228200,-786.7999877929688
2282,228300,-785.3699951171875
2283,228400,-783.4199829101562
2284,228500,-811.9299926757812
2285,228600,-827.719970703125
2286,228700,-739.6199951171875
2287,228800,-853.52001953125
2288,228900,-866.8300170898438
2289,229000,-748.5900268554688
2290,229100,-817.0800170898438
2291,229200,-851.2100219726562
2292,229300,-808.4500122070312
2293,229400,-768.77001953125
2294,229500,-742.25
2295,229600,-788.72998046875
2296,229700,-812.6199951171875
2297,229800,-906.5599975585938
2298,229900,-854.4099731445312
2299,230000,-834.219970703125
2300,230100,-757.6099853515625
2301,230200,-827.75
2302,230300,-821.6300048828125
2303,230400,-861.280029296875
2304,230500,-891.52001953125
2305,230600,-862.8900146484375
2306,230700,-865.469970703125
2307,230800,-828.8599853515625
2308,230900,-764.0399780273438
2309,231000,-832.219970703125
2310,231100,-972.239990234375
2311,231200,-771.6500244140625
2312,231300,-768.6300048828125
2313,231400,-803.0900268554688
2314,231500,-822.010009765625
2315,231600,-782.0700073242188
2316,231700,-838.9299926757812
2317,231800,-866.5999755859375
2318,231900,-793.989990234375
2319,232000,-825.9099731445312
2320,232100,-792.760009765625
2321,232200,-768.8699951171875
2322,232300,-805.1799926757812
2323,232400,-848.9299926757812
2324,232500,-748.0399780273438
2325,232600,-716.1500244140625
2326,232700,-845.1300048828125
2327,232800,-749.8800048828125
2328,232900,-839.0599975585938
2329,233000,-843.5700073242188
2330,233100,-787.8200073242188
2331,233200,-827.5700073242188
2332,233300,-835.0
2333,233400,-803.1799926757812
2334,233500,-888.4199829101562
2335,233600,-744.9199829101562
2336,233700,-737.8099975585938
2337,233800,-821.2000122070312
2338,233900,-796.27001953125
2339,234000,-753.9199829101562
2340,234100,-849.0900268554688
2341,234200,-765.8400268554688
2342,234300,-832.5
2343,234400,-876.6699829101562
2344,234500,-794.2999877929688
2345,234600,-781.8800048828125
2346,234700,-897.1400146484375
2347,234800,-799.9099731445312
2348,234900,-763.239990234375
2349,235000,-876.989990234375
2350,235100,-883.5999755859375
2351,235200,-786.9400024414062
2352,235300,-802.719970703125
2353,235400,-835.8400268554688
2354,235500,-880.969970703125
2355,235600,-838.3499755859375
2356,235700,-790.77001953125
2357,235800,-803.77001953125
2358,235900,-806.760009765625
2359,236000,-803.6599731445312
2360,236100,-832.6099853515625
2361,236200,-765.5399780273438
2362,236300,-829.8699951171875
2363,236400,-809.9000244140625
2364,236500,-794.5499877929688
2365,236600,-784.9199829101562
2366,236700,-816.8099975585938
2367,236800,-913.0999755859375
2368,236900,-845.1799926757812
2369,237000,-821.3300170898438
2370,237100,-851.8099975585938
2371,237200,-805.6099853515625
2372,237300,-778.5999755859375
2373,237400,-785.4099731445312
2374,237500,-788.3099975585938
2375,237600,-871.0
2376,237700,-817.4500122070312
2377,237800,-817.8900146484375
2378,237900,-793.5700073242188
2379,238000,-757.1500244140625
2380,238100,-770.989990234375
2381,238200,-805.1300048828125
2382,238300,-864.8200073242188
2383,238400,-760.0499877929688
2384,238500,-810.0599975585938
2385,238600,-765.2899780273438
2386,238700,-815.1099853515625
2387,238800,-798.8099975585938
2388,238900,-796.7899780273438
2389,239000,-848.5999755859375
2390,239100,-752.2000122070312
2391,239200,-858.1799926757812
2392,239300,-798.5999755859375
2393,239400,-838.6400146484375
2394,239500,-892.4000244140625
2395,239600,-838.1900024414062
2396,239700,-804.5700073242188
2397,239800,-749.5
2398,239900,-861.6699829101562
2399,240000,-769.5800170898438
2400,240100,-808.219970703125
2401,240200,-818.3499755859375
2402,240300,-799.2100219726562
2403,240400,-810.5499877929688
2404,240500,-966.1099853515625
2405,240600,-801.1099853515625
2406,240700,-793.27001953125
2407,240800,-823.3400268554688
2408,240900,-815.47998046875
2409,241000,-903.1599731445312
2410,241100,-777.969970703125
2411,241200,-850.3200073242188
2412,241300,-773.1799926757812
2413,241400,-792.010009765625
2414,241500,-795.7899780273438
2415,241600,-886.3099975585938
2416,241700,-925.3099975585938
2417,241800,-824.5
2418,241900,-775.4400024414062
2419,242000,-841.0
2420,242100,-773.02001953125
2421,242200,-822.6199951171875
2422,242300,-783.8300170898438
2423,242400,-773.1799926757812
2424,242500,-878.5
2425,242600,-859.260009765625
2426,242700,-721.8400268554688
2427,242800,-762.530029296875
2428,242900,-842.719970703125
2429,243000,-808.5499877929688
2430,243100,-774.4000244140625
2431,243200,-827.010009765625
2432,243300,-845.7999877929688
2433,243400,-839.9199829101562
2434,243500,-846.219970703125
2435,243600,-818.0499877929688
2436,243700,-809.9500122070312
2437,243800,-787.8699951171875
2438,243900,-802.3300170898438
2439,244000,-755.239990234375
2440,244100,-774.280029296875
2441,244200,-786.6300048828125
2442,244300,-802.719970703125
2443,244400,-771.9099731445312
2444,244500,-795.7899780273438
2445,244600,-823.5499877929688
2446,244700,-766.3400268554688
2447,244800,-808.6699829101562
2448,244900,-772.6099853515625
2449,245000,-815.3300170898438
2450,245100,-926.1400146484375
2451,245200,-842.9600219726562
2452,245300,-831.6199951171875
2453,245400,-758.6699829101562
2454,245500,-782.9199829101562
2455,245600,-895.8499755859375
2456,245700,-816.219970703125
2457,245800,-827.219970703125
2458,245900,-845.6300048828125
2459,246000,-727.22998046875
2460,246100,-823.8699951171875
2461,246200,-804.6799926757812
2462,246300,-791.9000244140625
2463,246400,-813.3800048828125
2464,246500,-811.8300170898438
2465,246600,-828.0
2466,246700,-809.8900146484375
2467,246800,-797.4299926757812
2468,246900,-773.260009765625
2469,247000,-760.02001953125
2470,247100,-798.97998046875
2471,247200,-769.2000122070312
2472,247300,-855.6400146484375
2473,247400,-821.97998046875
2474,247500,-814.75
2475,247600,-852.9299926757812
2476,247700,-732.6199951171875
2477,247800,-780.8599853515625
2478,247900,-749.8200073242188
2479,248000,-778.1699829101562
2480,248100,-828.72998046875
2481,248200,-811.6699829101562
2482,248300,-767.9000244140625
2483,248400,-797.760009765625
2484,248500,-790.719970703125
2485,248600,-880.6300048828125
2486,248700,-837.5
2487,248800,-772.9600219726562
2488,248900,-861.969970703125
2489,249000,-768.4299926757812
2490,249100,-798.02001953125
2491,249200,-806.2100219726562
2492,249300,-797.6900024414062
2493,249400,-761.1400146484375
2494,249500,-831.6400146484375
2495,249600,-848.3400268554688
2496,249700,-804.510009765625
2497,249800,-847.2000122070312
2498,249900,-797.989990234375
2499,250000,-810.75
2500,250100,-799.5700073242188
2501,250200,-797.0800170898438
2502,250300,-800.3200073242188
2503,250400,-831.3200073242188
2504,250500,-875.6799926757812
2505,250600,-783.22998046875
2506,250700,-902.989990234375
2507,250800,-825.47998046875
2508,250900,-801.47998046875
2509,251000,-814.3900146484375
2510,251100,-786.2000122070312
2511,251200,-767.1400146484375
2512,251300,-795.239990234375
2513,251400,-713.0399780273438
2514,251500,-761.97998046875
2515,251600,-789.1799926757812
2516,251700,-830.25
2517,251800,-799.75
2518,251900,-804.1400146484375
2519,252000,-772.510009765625
2520,252100,-830.3900146484375
2521,252200,-764.6900024414062
2522,252300,-776.8400268554688
2523,252400,-820.1300048828125
2524,252500,-793.3099975585938
2525,252600,-842.1799926757812
2526,252700,-840.1799926757812
2527,252800,-796.0900268554688
2528,252900,-860.2899780273438
2529,253000,-830.02001953125
2530,253100,-736.1799926757812
2531,253200,-821.3900146484375
2532,253300,-786.7100219726562
2533,253400,-833.739990234375
2534,253500,-868.7000122070312
2535,253600,-833.510009765625
2536,253700,-783.4199829101562
2537,253800,-776.280029296875
2538,253900,-915.4299926757812
2539,254000,-793.1199951171875
2540,254100,-850.1500244140625
2541,254200,-853.3599853515625
2542,254300,-846.3300170898438
2543,254400,-861.510009765625
2544,254500,-823.4199829101562
2545,254600,-852.6699829101562
2546,254700,-855.9600219726562
2547,254800,-861.5900268554688
2548,254900,-814.5700073242188
2549,255000,-843.0800170898438
2550,255100,-854.1400146484375
2551,255200,-896.97998046875
2552,255300,-905.239990234375
2553,255400,-853.719970703125
2554,255500,-805.27001953125
2555,255600,-815.6900024414062
2556,255700,-798.22998046875
2557,255800,-789.0499877929688
2558,255900,-734.8800048828125
2559,256000,-783.9600219726562
2560,256100,-892.030029296875
2561,256200,-759.6099853515625
2562,256300,-837.1300048828125
2563,256400,-761.9600219726562
2564,256500,-844.8699951171875
2565,256600,-736.1199951171875
2566,256700,-850.7000122070312
2567,256800,-915.2100219726562
2568,256900,-736.47998046875
2569,257000,-735.030029296875
2570,257100,-777.0499877929688
2571,257200,-859.0700073242188
2572,257300,-813.1699829101562
2573,257400,-742.5399780273438
2574,257500,-812.0800170898438
2575,257600,-823.4500122070312
2576,257700,-796.3200073242188
2577,257800,-761.47998046875
2578,257900,-779.8900146484375
2579,258000,-865.030029296875
2580,258100,-800.030029296875
2581,258200,-807.010009765625
2582,258300,-832.2100219726562
2583,258400,-788.75
2584,258500,-906.3800048828125
2585,258600,-802.760009765625
2586,258700,-757.8200073242188
2587,258800,-762.52001953125
2588,258900,-886.3400268554688
2589,259000,-739.0999755859375
2590,259100,-884.8400268554688
2591,259200,-804.5499877929688
2592,259300,-777.239990234375
2593,259400,-760.3900146484375
2594,259500,-854.780029296875
2595,259600,-739.0999755859375
2596,259700,-686.510009765625
2597,259800,-777.4600219726562
2598,259900,-799.8499755859375
2599,260000,-872.3599853515625
2600,260100,-841.1099853515625
2601,260200,-820.010009765625
2602,260300,-764.0800170898438
2603,260400,-760.3300170898438
2604,260500,-800.5900268554688
2605,260600,-796.02001953125
2606,260700,-882.8900146484375
2607,260800,-929.5900268554688
2608,260900,-767.5399780273438
2609,261000,-871.3099975585938
2610,261100,-903.1500244140625
2611,261200,-802.3800048828125
2612,261300,-892.1900024414062
2613,261400,-795.5900268554688
2614,261500,-785.9099731445312
2615,261600,-831.0
2616,261700,-817.7100219726562
2617,261800,-894.1900024414062
2618,261900,-860.1900024414062
2619,262000,-839.5599975585938
2620,262100,-827.3300170898438
2621,262200,-843.9500122070312
2622,262300,-883.3400268554688
2623,262400,-929.9099731445312
2624,262500,-850.3499755859375
2625,262600,-897.77001953125
2626,262700,-877.8599853515625
2627,262800,-831.8099975585938
2628,262900,-841.260009765625
2629,263000,-870.780029296875
2630,263100,-827.2899780273438
2631,263200,-878.9500122070312
2632,263300,-791.6099853515625
2633,263400,-830.3699951171875
2634,263500,-817.1900024414062
2635,263600,-786.5700073242188
2636,263700,-806.5700073242188
2637,263800,-806.219970703125
2638,263900,-796.5900268554688
2639,264000,-917.2100219726562
2640,264100,-815.530029296875
2641,264200,-858.9500122070312
2642,264300,-787.4299926757812
2643,264400,-759.5399780273438
2644,264500,-779.8300170898438
2645,264600,-749.3800048828125
2646,264700,-808.5
2647,264800,-784.1799926757812
2648,264900,-769.2000122070312
2649,265000,-846.1500244140625
2650,265100,-794.4600219726562
2651,265200,-802.9400024414062
2652,265300,-812.4600219726562
2653,265400,-741.1900024414062
2654,265500,-752.219970703125
2655,265600,-835.739990234375
2656,265700,-838.97998046875
2657,265800,-805.97998046875
2658,265900,-856.2999877929688
2659,266000,-850.4299926757812
2660,266100,-780.780029296875
2661,266200,-841.6699829101562
2662,266300,-767.1500244140625
2663,266400,-808.2100219726562
2664,266500,-772.9199829101562
2665,266600,-796.9000244140625
2666,266700,-772.3300170898438
2667,266800,-797.4000244140625
2668,266900,-768.489990234375
2669,267000,-757.969970703125
2670,267100,-751.6099853515625
2671,267200,-852.2999877929688
2672,267300,-830.8800048828125
2673,267400,-836.5900268554688
2674,267500,-784.0999755859375
2675,267600,-847.6599731445312
2676,267700,-834.1900024414062
2677,267800,-909.4000244140625
2678,267900,-827.6699829101562
2679,268000,-797.5999755859375
2680,268100,-852.030029296875
2681,268200,-762.1199951171875
2682,268300,-781.5399780273438
2683,268400,-750.6599731445312
2684,268500,-785.0399780273438
2685,268600,-821.0800170898438
2686,268700,-829.3499755859375
2687,268800,-704.5999755859375
2688,268900,-833.6400146484375
2689,269000,-786.3499755859375
2690,269100,-774.1900024414062
2691,269200,-782.6199951171875
2692,269300,-822.1300048828125
2693,269400,-745.47998046875
2694,269500,-731.9500122070312
2695,269600,-793.280029296875
2696,269700,-789.760009765625
2697,269800,-839.6099853515625
2698,269900,-846.3099975585938
2699,270000,-825.5700073242188
2700,270100,-807.3400268554688
2701,270200,-780.489990234375
2702,270300,-764.0700073242188
2703,270400,-858.52001953125
2704,270500,-811.030029296875
2705,270600,-787.8699951171875
2706,270700,-798.02001953125
2707,270800,-800.5700073242188
2708,270900,-757.5900268554688
2709,271000,-867.2000122070312
2710,271100,-764.27001953125
2711,271200,-846.5700073242188
2712,271300,-835.1300048828125
2713,271400,-807.1199951171875
2714,271500,-801.6900024414062
2715,271600,-785.97998046875
2716,271700,-752.9199829101562
2717,271800,-792.739990234375
2718,271900,-798.1199951171875
2719,272000,-827.4000244140625
2720,272100,-786.8599853515625
2721,272200,-812.030029296875
2722,272300,-783.8800048828125
2723,272400,-798.6400146484375
2724,272500,-793.4000244140625
2725,272600,-823.7000122070312
2726,272700,-842.1699829101562
2727,272800,-762.0900268554688
2728,272900,-777.8800048828125
2729,273000,-792.97998046875
2730,273100,-803.5399780273438
2731,273200,-800.510009765625
2732,273300,-800.6799926757812
2733,273400,-783.1500244140625
2734,273500,-786.260009765625
2735,273600,-804.6199951171875
2736,273700,-810.0900268554688
2737,273800,-872.3599853515625
2738,273900,-781.9600219726562
2739,274000,-829.1699829101562
2740,274100,-916.489990234375
2741,274200,-717.27001953125
2742,274300,-841.469970703125
2743,274400,-733.1400146484375
2744,274500,-857.0599975585938
2745,274600,-799.3800048828125
2746,274700,-843.22998046875
2747,274800,-777.4500122070312
2748,274900,-816.52001953125
2749,275000,-782.2999877929688
2750,275100,-762.6500244140625
2751,275200,-763.0
2752,275300,-812.3900146484375
2753,275400,-801.469970703125
2754,275500,-766.3599853515625
2755,275600,-811.4199829101562
2756,275700,-748.739990234375
2757,275800,-729.8300170898438
2758,275900,-739.0999755859375
2759,276000,-821.75
2760,276100,-824.6300048828125
2761,276200,-800.27001953125
2762,276300,-770.3699951171875
2763,276400,-764.3200073242188
2764,276500,-775.6199951171875
2765,276600,-765.0399780273438
2766,276700,-788.4099731445312
2767,276800,-721.3800048828125
2768,276900,-828.3300170898438
2769,277000,-770.7100219726562
2770,277100,-708.1599731445312
2771,277200,-772.8099975585938
2772,277300,-816.25
2773,277400,-823.3300170898438
2774,277500,-712.2899780273438
2775,277600,-685.97998046875
2776,277700,-840.5
2777,277800,-877.2999877929688
2778,277900,-714.739990234375
2779,278000,-774.5399780273438
2780,278100,-730.1300048828125
2781,278200,-850.3200073242188
2782,278300,-705.6500244140625
2783,278400,-819.0399780273438
2784,278500,-829.530029296875
2785,278600,-810.5
2786,278700,-799.989990234375
2787,278800,-821.1300048828125
2788,278900,-822.780029296875
2789,279000,-806.0700073242188
2790,279100,-744.6400146484375
2791,279200,-768.1400146484375
2792,279300,-871.969970703125
2793,279400,-843.0599975585938
2794,279500,-726.3400268554688
2795,279600,-771.6500244140625
2796,279700,-765.3499755859375
2797,279800,-852.760009765625
2798,279900,-766.760009765625
2799,280000,-761.6099853515625
2800,280100,-834.6099853515625
2801,280200,-756.5399780273438
2802,280300,-769.6199951171875
2803,280400,-764.7999877929688
2804,280500,-790.8900146484375
2805,280600,-923.989990234375
2806,280700,-763.4600219726562
2807,280800,-782.6599731445312
2808,280900,-780.0900268554688
2809,281000,-754.5599975585938
2810,281100,-827.8499755859375
2811,281200,-791.6799926757812
2812,281300,-759.6099853515625
2813,281400,-747.219970703125
2814,281500,-740.1099853515625
2815,281600,-847.3099975585938
2816,281700,-793.9299926757812
2817,281800,-818.9600219726562
2818,281900,-834.0800170898438
2819,282000,-723.3499755859375
2820,282100,-778.260009765625
2821,282200,-869.8599853515625
2822,282300,-738.469970703125
2823,282400,-832.2999877929688
2824,282500,-813.760009765625
2825,282600,-802.1599731445312
2826,282700,-763.9600219726562
2827,282800,-702.7899780273438
2828,282900,-814.5999755859375
2829,283000,-729.3300170898438
2830,283100,-839.010009765625
2831,283200,-747.6599731445312
2832,283300,-803.6300048828125
2833,283400,-771.8599853515625
2834,283500,-762.1599731445312
2835,283600,-744.6900024414062
2836,283700,-822.280029296875
2837,283800,-799.4500122070312
2838,283900,-792.719970703125
2839,284000,-716.47998046875
2840,284100,-832.6400146484375
2841,284200,-825.3599853515625
2842,284300,-816.8599853515625
2843,284400,-756.6500244140625
2844,284500,-809.4600219726562
2845,284600,-727.4299926757812
2846,284700,-764.0800170898438
2847,284800,-717.9600219726562
2848,284900,-827.8099975585938
2849,285000,-835.6599731445312
2850,285100,-771.75
2851,285200,-730.1699829101562
2852,285300,-763.3499755859375
2853,285400,-770.3200073242188
2854,285500,-752.739990234375
2855,285600,-795.0399780273438
2856,285700,-774.780029296875
2857,285800,-820.3599853515625
2858,285900,-803.1099853515625
2859,286000,-773.739990234375
2860,286100,-767.5900268554688
2861,286200,-858.780029296875
2862,286300,-875.3099975585938
2863,286400,-750.4600219726562
2864,286500,-814.3300170898438
2865,286600,-702.4199829101562
2866,286700,-786.0599975585938
2867,286800,-772.4299926757812
2868,286900,-743.75
2869,287000,-772.8200073242188
2870,287100,-808.47998046875
2871,287200,-795.6099853515625
2872,287300,-829.469970703125
2873,287400,-800.9400024414062
2874,287500,-797.760009765625
2875,287600,-763.75
2876,287700,-835.3800048828125
2877,287800,-799.4299926757812
2878,287900,-718.989990234375
2879,288000,-865.7899780273438
2880,288100,-781.1599731445312
2881,288200,-771.9299926757812
2882,288300,-713.72998046875
2883,288400,-747.1599731445312
2884,288500,-827.3900146484375
2885,288600,-875.5900268554688
2886,288700,-891.4199829101562
2887,288800,-777.4199829101562
2888,288900,-794.989990234375
2889,289000,-760.8099975585938
2890,289100,-806.6900024414062
2891,289200,-762.5599975585938
2892,289300,-917.0800170898438
2893,289400,-789.47998046875
2894,289500,-774.780029296875
2895,289600,-748.469970703125
2896,289700,-832.280029296875
2897,289800,-745.97998046875
2898,289900,-890.77001953125
2899,290000,-783.6199951171875
2900,290100,-789.1699829101562
2901,290200,-763.489990234375
2902,290300,-780.6300048828125
2903,290400,-777.7899780273438
2904,290500,-825.8800048828125
2905,290600,-799.0399780273438
2906,290700,-791.0700073242188
2907,290800,-857.4099731445312
2908,290900,-831.8200073242188
2909,291000,-836.0399780273438
2910,291100,-796.27001953125
2911,291200,-793.5800170898438
2912,291300,-777.3599853515625
2913,291400,-814.3699951171875
2914,291500,-737.8499755859375
2915,291600,-813.739990234375
2916,291700,-787.0900268554688
2917,291800,-810.9299926757812
2918,291900,-768.5499877929688
2919,292000,-807.0900268554688
2920,292100,-804.030029296875
2921,292200,-772.0399780273438
2922,292300,-805.510009765625
2923,292400,-780.4099731445312
2924,292500,-764.25
2925,292600,-790.6900024414062
2926,292700,-770.1099853515625
2927,292800,-782.760009765625
2928,292900,-911.77001953125
2929,293000,-723.780029296875
2930,293100,-777.9099731445312
2931,293200,-804.0399780273438
2932,293300,-738.6300048828125
2933,293400,-776.0900268554688
2934,293500,-746.8599853515625
2935,293600,-799.0800170898438
2936,293700,-873.1300048828125
2937,293800,-790.280029296875
2938,293900,-814.5900268554688
2939,294000,-734.9600219726562
2940,294100,-739.760009765625
2941,294200,-750.1799926757812
2942,294300,-774.0599975585938
2943,294400,-728.4400024414062
2944,294500,-791.4600219726562
2945,294600,-743.8099975585938
2946,294700,-776.5900268554688
2947,294800,-771.77001953125
2948,294900,-755.239990234375
2949,295000,-738.5800170898438
2950,295100,-780.9600219726562
2951,295200,-793.0700073242188
2952,295300,-808.3300170898438
2953,295400,-779.97998046875
2954,295500,-784.030029296875
2955,295600,-734.9299926757812
2956,295700,-794.3800048828125
2957,295800,-742.1599731445312
2958,295900,-798.530029296875
2959,296000,-896.4099731445312
2960,296100,-881.5999755859375
2961,296200,-823.5900268554688
2962,296300,-857.5800170898438
2963,296400,-844.9299926757812
2964,296500,-803.8300170898438
2965,296600,-785.780029296875
2966,296700,-810.7000122070312
2967,296800,-790.760009765625
2968,296900,-775.7100219726562
2969,297000,-803.8200073242188
2970,297100,-774.5800170898438
2971,297200,-794.219970703125
2972,297300,-820.760009765625
2973,297400,-775.9600219726562
2974,297500,-789.5399780273438
2975,297600,-826.0599975585938
2976,297700,-806.5499877929688
2977,297800,-823.5700073242188
2978,297900,-744.8099975585938
2979,298000,-797.760009765625
2980,298100,-792.1799926757812
2981,298200,-789.27001953125
2982,298300,-767.8099975585938
2983,298400,-827.9000244140625
2984,298500,-812.1699829101562
2985,298600,-802.3599853515625
2986,298700,-934.3699951171875
2987,298800,-736.2999877929688
2988,298900,-808.6599731445312
2989,299000,-752.7899780273438
2990,299100,-765.02001953125
2991,299200,-762.530029296875
2992,299300,-809.0399780273438
2993,299400,-783.8699951171875
2994,299500,-809.6500244140625
2995,299600,-719.9299926757812
2996,299700,-833.2100219726562
2997,299800,-790.5999755859375
2998,299900,-733.3200073242188
2999,300000,-726.5800170898438
3000,300100,-807.72998046875
3001,300200,-843.8400268554688
3002,300300,-802.780029296875
3003,300400,-855.010009765625
3004,300500,-793.760009765625
3005,300600,-829.47998046875
3006,300700,-791.0399780273438
3007,300800,-771.8400268554688
3008,300900,-745.0999755859375
3009,301000,-774.2999877929688
3010,301100,-784.8900146484375
3011,301200,-819.6900024414062
3012,301300,-769.27001953125
3013,301400,-803.77001953125
3014,301500,-811.010009765625
3015,301600,-825.8599853515625
3016,301700,-849.5900268554688
3017,301800,-793.030029296875
3018,301900,-837.52001953125
3019,302000,-798.0599975585938
3020,302100,-795.77001953125
3021,302200,-801.8699951171875
3022,302300,-735.3499755859375
3023,302400,-847.97998046875
3024,302500,-783.6699829101562
3025,302600,-842.22998046875
3026,302700,-793.0700073242188
3027,302800,-709.989990234375
3028,302900,-809.5800170898438
3029,303000,-700.1199951171875
3030,303100,-791.0700073242188
3031,303200,-752.1400146484375
3032,303300,-751.25
3033,303400,-768.7100219726562
3034,303500,-919.0399780273438
3035,303600,-832.6199951171875
3036,303700,-791.010009765625
3037,303800,-741.489990234375
3038,303900,-757.97998046875
3039,304000,-784.780029296875
3040,304100,-815.6300048828125
3041,304200,-811.1400146484375
3042,304300,-738.0
3043,304400,-779.030029296875
3044,304500,-750.8599853515625
3045,304600,-756.8599853515625
3046,304700,-746.1699829101562
3047,304800,-813.239990234375
3048,304900,-760.4099731445312
3049,305000,-779.030029296875
3050,305100,-743.3400268554688
3051,305200,-758.6099853515625
3052,305300,-799.75
3053,305400,-776.6599731445312
3054,305500,-709.3900146484375
3055,305600,-798.5700073242188
3056,305700,-760.5800170898438
3057,305800,-889.4099731445312
3058,305900,-816.8699951171875
3059,306000,-805.3499755859375
3060,306100,-729.0900268554688
3061,306200,-756.0999755859375
3062,306300,-775.530029296875
3063,306400,-752.2899780273438
3064,306500,-743.969970703125
3065,306600,-742.0900268554688
3066,306700,-747.6599731445312
3067,306800,-733.0499877929688
3068,306900,-748.4099731445312
3069,307000,-690.9400024414062
3070,307100,-750.4500122070312
3071,307200,-774.3900146484375
3072,307300,-854.1199951171875
3073,307400,-746.77001953125
3074,307500,-848.739990234375
3075,307600,-761.6199951171875
3076,307700,-833.0499877929688
3077,307800,-781.760009765625
3078,307900,-813.3499755859375
3079,308000,-783.5599975585938
3080,308100,-743.8400268554688
3081,308200,-791.2899780273438
3082,308300,-807.260009765625
3083,308400,-832.9000244140625
3084,308500,-791.239990234375
3085,308600,-772.5599975585938
3086,308700,-744.2100219726562
3087,308800,-740.6699829101562
3088,308900,-823.8499755859375
3089,309000,-722.989990234375
3090,309100,-844.6799926757812
3091,309200,-757.4600219726562
3092,309300,-796.2999877929688
3093,309400,-848.0399780273438
3094,309500,-779.6500244140625
3095,309600,-857.219970703125
3096,309700,-773.72998046875
3097,309800,-744.25
3098,309900,-777.27001953125
3099,310000,-804.0399780273438
3100,310100,-763.530029296875
3101,310200,-846.2000122070312
3102,310300,-762.3200073242188
3103,310400,-820.5399780273438
3104,310500,-807.8200073242188
3105,310600,-830.5
3106,310700,-742.1099853515625
3107,310800,-764.739990234375
3108,310900,-750.780029296875
3109,311000,-799.469970703125
3110,311100,-742.6900024414062
3111,311200,-789.22998046875
3112,311300,-735.719970703125
3113,311400,-784.52001953125
3114,311500,-761.4199829101562
3115,311600,-808.97998046875
3116,311700,-758.530029296875
3117,311800,-764.6799926757812
3118,311900,-775.0800170898438
3119,312000,-785.3400268554688
3120,312100,-789.22998046875
3121,312200,-818.9500122070312
3122,312300,-762.1199951171875
3123,312400,-690.0999755859375
3124,312500,-777.1500244140625
3125,312600,-712.219970703125
3126,312700,-773.530029296875
3127,312800,-774.5599975585938
3128,312900,-718.9000244140625
3129,313000,-751.5599975585938
3130,313100,-687.6300048828125
3131,313200,-756.5599975585938
3132,313300,-901.8400268554688
3133,313400,-784.8800048828125
3134,313500,-763.489990234375
3135,313600,-823.2899780273438
3136,313700,-739.219970703125
3137,313800,-739.8800048828125
3138,313900,-801.8400268554688
3139,314000,-808.3699951171875
3140,314100,-779.3599853515625
3141,314200,-733.489990234375
3142,314300,-779.3400268554688
3143,314400,-751.5999755859375
3144,314500,-744.2999877929688
3145,314600,-743.6900024414062
3146,314700,-866.1599731445312
3147,314800,-792.5999755859375
3148,314900,-759.719970703125
3149,315000,-707.8800048828125
3150,315100,-749.5399780273438
3151,315200,-749.47998046875
3152,315300,-762.7999877929688
3153,315400,-771.6400146484375
3154,315500,-734.5700073242188
3155,315600,-767.8800048828125
3156,315700,-726.97998046875
3157,315800,-728.3400268554688
3158,315900,-720.3800048828125
3159,316000,-720.0800170898438
3160,316100,-771.2999877929688
3161,316200,-916.530029296875
3162,316300,-772.5499877929688
3163,316400,-750.5399780273438
3164,316500,-708.8300170898438
3165,316600,-763.9099731445312
3166,316700,-847.1199951171875
3167,316800,-771.52001953125
3168,316900,-755.5599975585938
3169,317000,-718.9199829101562
3170,317100,-777.0499877929688
3171,317200,-719.4400024414062
3172,317300,-832.27001953125
3173,317400,-807.5800170898438
3174,317500,-778.1300048828125
3175,317600,-870.27001953125
3176,317700,-710.0900268554688
3177,317800,-749.3300170898438
3178,317900,-840.010009765625
3179,318000,-776.1500244140625
3180,318100,-793.719970703125
3181,318200,-736.7899780273438
3182,318300,-751.5499877929688
3183,318400,-746.4099731445312
3184,318500,-777.1900024414062
3185,318600,-791.8300170898438
3186,318700,-827.4600219726562
3187,318800,-785.25
3188,318900,-757.989990234375
3189,319000,-715.3900146484375
3190,319100,-781.3300170898438
3191,319200,-737.27001953125
3192,319300,-747.739990234375
3193,319400,-742.719970703125
3194,319500,-762.0499877929688
3195,319600,-809.260009765625
3196,319700,-812.0399780273438
3197,319800,-800.1500244140625
3198,319900,-800.4400024414062
3199,320000,-826.5499877929688
3200,320100,-731.02001953125
3201,320200,-923.6699829101562
3202,320300,-673.4000244140625
3203,320400,-812.4400024414062
3204,320500,-865.9500122070312
3205,320600,-816.2899780273438
3206,320700,-818.7100219726562
3207,320800,-773.2000122070312
3208,320900,-734.97998046875
3209,321000,-787.6900024414062
3210,321100,-780.8499755859375
3211,321200,-792.489990234375
3212,321300,-785.75
3213,321400,-820.9400024414062
3214,321500,-778.77001953125
3215,321600,-757.8699951171875
3216,321700,-819.2999877929688
